field,n,b_M,b_H,idio_vol,p_win,p_win_se,p_top3,p_top5,p_top10,median_ret,p_loss
calibrated,300,1.0,0.0,0.0,3.813564187506611e-21,3.0563989231513695e-22,7.264918689114837e-18,2.1719413303340602e-15,8.451497691253135e-11,0.007555089122021595,0.4358
calibrated,300,1.0,0.0,0.1,0.01832479144985448,0.0007379807586120486,0.05546758596165542,0.08583054773171302,0.13908335053471957,0.006761054757056075,0.4534
calibrated,300,1.0,0.0,0.2,0.05498160141392718,0.0014026893255844003,0.12375905311927782,0.16445797082681174,0.21665507925695315,0.004995266470893841,0.4736666666666667
calibrated,300,1.0,0.0,0.3,0.0945873907905798,0.0018983103567146097,0.17816472642156117,0.216867049727851,0.2613920110640211,0.002168555908554793,0.49193333333333333
calibrated,300,1.0,0.0,0.4,0.12970772308899386,0.002268639825761481,0.2156119694156724,0.25092349232135547,0.2900290363576213,-0.001709468352459753,0.5062
calibrated,300,1.0,0.0,0.5,0.15898580546866978,0.0025363488398953754,0.24387568413241253,0.2756334666143157,0.30797330520116195,-0.0076651549892562225,0.5204666666666666
calibrated,300,1.0,0.0,0.6,0.1825716947318502,0.002737580180777084,0.26284244356928443,0.290858731135959,0.3186230121142303,-0.014599015004868831,0.5334
calibrated,300,1.0,0.0,0.7,0.20077665985681553,0.002887781272625509,0.27558691156370796,0.30056848190299507,0.32456427808106286,-0.022170158727591854,0.5464666666666667
calibrated,300,1.0,0.0,0.8,0.2145640971798773,0.0030000794698682187,0.2840784317054973,0.3064639706770365,0.32746412102955724,-0.030510503268446607,0.5572666666666667
calibrated,300,1.0,0.0,0.9,0.22495802382110897,0.003084861920414261,0.28940678304514256,0.3095698351645599,0.328582036006742,-0.04034715087169133,0.5682666666666667
calibrated,300,1.0,0.0,1.0,0.2327000036753619,0.0031496205711357968,0.29268698302477225,0.3110506237486796,0.3278708086876816,-0.05204360765834089,0.5792666666666667
calibrated,300,1.0,0.0,1.1,0.23844067695253598,0.0031994821873636615,0.2943898142918945,0.3110658321318466,0.3262750454428418,-0.06414447442583521,0.5893333333333334
calibrated,300,1.0,0.0,1.2,0.24238706601061824,0.0032382462654378364,0.2944335954742398,0.3097498577237573,0.32377835739323785,-0.0771106844011155,0.5979333333333333
calibrated,300,1.0,0.0,1.3,0.24476958019957237,0.0032673397469579674,0.29339173023385745,0.30776429168387376,0.32123708692999636,-0.09118662533852999,0.6075333333333334
calibrated,300,1.0,0.0,1.4,0.245970505437094,0.0032888780439451113,0.29126917303818395,0.30464728129005775,0.3173311684183669,-0.10565522157561635,0.6158666666666667
calibrated,300,1.0,0.0,1.5,0.2462978270796328,0.00330411459180087,0.28858693962961435,0.30081158229770816,0.31272787239572936,-0.12142991573747011,0.6246
calibrated,300,1.0,0.0,1.6,0.24583636191311628,0.003313838072325361,0.28557582639480644,0.2969693148701833,0.30817842512832083,-0.13713679398686032,0.6332666666666666
calibrated,300,1.0,0.0,1.7,0.24466600559543894,0.003318764706265926,0.28213465065951177,0.2925760571060933,0.3029471466607936,-0.15448898125234223,0.6414666666666666
calibrated,300,1.0,0.0,1.8,0.24285612629343456,0.0033198057103139317,0.27837488742611355,0.28814558730114465,0.2978071767780082,-0.17148247562985136,0.6500666666666667
calibrated,300,1.0,0.0,1.9,0.24051832910562904,0.0033177555955433884,0.2742057044191966,0.2835593486056676,0.2925085873822328,-0.18992249740234668,0.6602
calibrated,300,1.0,0.0,2.0,0.23776566535347096,0.0033131435129844507,0.26937752362568723,0.2781219526784229,0.2865276639715943,-0.20861808018348932,0.6681333333333334
calibrated,300,1.0,0.0,2.1,0.2347036808894397,0.0033056608045064695,0.26457831848562074,0.2728644664090639,0.2807055504225467,-0.2276656336756732,0.6770666666666667
calibrated,300,1.0,0.0,2.2,0.23131851647767795,0.0032957685198939483,0.25956069366175444,0.26751666564590537,0.2749065948883129,-0.2479222684887225,0.685
calibrated,300,1.0,0.0,2.3,0.22772698976785077,0.0032841737151967877,0.25419659454247207,0.26174631055528585,0.26941158246960517,-0.2675237189816474,0.6943333333333334
calibrated,300,1.0,0.0,2.4,0.22407950019106515,0.00327027716109744,0.24913435162234437,0.2557724864920922,0.2631685293798716,-0.28810317466731894,0.7016
calibrated,300,1.0,0.0,2.5,0.22012825503582828,0.0032547457750297937,0.24396422664610112,0.2501859104079674,0.2567738006213983,-0.3081257196311079,0.7089333333333333
calibrated,300,1.0,1.0,0.0,2.681087336272981e-24,7.113377892635079e-26,7.50888171711666e-21,3.333448884151032e-18,3.642872207444105e-13,0.00012284832015408784,0.4996
calibrated,300,1.0,1.0,0.1,0.010068746413950976,0.0005490847243048926,0.03228460238438781,0.053006382369069766,0.09490677520891508,-0.00012131580737725792,0.5005333333333334
calibrated,300,1.0,1.0,0.2,0.044785137937492656,0.0012778000397624387,0.10034139998689848,0.13430848702842438,0.18358016676327565,-0.0031823762694469593,0.5088
calibrated,300,1.0,1.0,0.3,0.08341871520459195,0.0018174691945219343,0.15462485439189003,0.18914606176205334,0.23208490968826773,-0.006562874366844005,0.5186
calibrated,300,1.0,1.0,0.4,0.11755343926058805,0.002196721019919374,0.193980795755357,0.2265034878750682,0.26441647373879423,-0.011129773351870181,0.5282
calibrated,300,1.0,1.0,0.5,0.14592473409145273,0.0024688069671049123,0.2224102080355698,0.2519648168407037,0.28462191854421476,-0.016974950173750225,0.5383333333333333
calibrated,300,1.0,1.0,0.6,0.16890718703087482,0.0026694830173594458,0.24274725409990267,0.26900919100664233,0.2971957582233567,-0.02406631307133487,0.5460666666666667
calibrated,300,1.0,1.0,0.7,0.18738941570167653,0.002822380767894304,0.2576174514403453,0.28158991202490524,0.3066406885680263,-0.0317488363218834,0.5538
calibrated,300,1.0,1.0,0.8,0.20213514402276705,0.0029396848796985104,0.26841666474144604,0.2899627407047918,0.31178993375726277,-0.03912231198258778,0.5644666666666667
calibrated,300,1.0,1.0,0.9,0.2134175234846053,0.00302956750493619,0.2755041901032086,0.2949401962126356,0.314390944502749,-0.04761594927146431,0.5735333333333333
calibrated,300,1.0,1.0,1.0,0.22223633317886704,0.0031001248092856113,0.28010635267728223,0.29766477993109813,0.31558605591309574,-0.05810384710052063,0.5831333333333333
calibrated,300,1.0,1.0,1.1,0.22862717830693396,0.0031550649659169983,0.28234212578204493,0.2983983417698926,0.31489354820522775,-0.07101512763243426,0.5933333333333334
calibrated,300,1.0,1.0,1.2,0.23303321012270017,0.003196929552108997,0.2829758995497251,0.2976268997376841,0.31292329242892164,-0.0837767303143018,0.602
calibrated,300,1.0,1.0,1.3,0.2360856857583157,0.0032290979076111345,0.2826334825678604,0.29607129291425965,0.31030626755633983,-0.09864778220236728,0.6107333333333334
calibrated,300,1.0,1.0,1.4,0.23780647225389642,0.003253445886735639,0.28112302918606213,0.2933734963542229,0.30636509798555617,-0.11259795101003744,0.6202666666666666
calibrated,300,1.0,1.0,1.5,0.23850360515256802,0.0032708348721069195,0.2789633446242264,0.2902104717795374,0.30197021061485874,-0.12882902288146836,0.6293333333333333
calibrated,300,1.0,1.0,1.6,0.23835226534497972,0.0032823819298960465,0.2763254008136273,0.28697952616119704,0.29778646373659,-0.14461359267115664,0.6392666666666666
calibrated,300,1.0,1.0,1.7,0.23763463467568577,0.0032894882223742927,0.27330752199926717,0.28321562455627375,0.2934645162269467,-0.16104109719588736,0.6476666666666666
calibrated,300,1.0,1.0,1.8,0.23628474011210313,0.0032920943849425624,0.27007294439126195,0.2790586749257647,0.2884309275781402,-0.17862542312955318,0.6563333333333333
calibrated,300,1.0,1.0,1.9,0.2344099974215694,0.0032917872951072524,0.26638895242597055,0.2749615203883315,0.28302176251776784,-0.1974101289710582,0.6647333333333333
calibrated,300,1.0,1.0,2.0,0.23217838719027767,0.0032885994053613813,0.2623350802702783,0.2705680923155308,0.2783449676273048,-0.2160755191117904,0.6728666666666666
calibrated,300,1.0,1.0,2.1,0.22964754865555556,0.003282217329155617,0.25829508146373614,0.26595225547343626,0.2737799459887012,-0.2355919635121858,0.6800666666666667
calibrated,300,1.0,1.0,2.2,0.22685673137616677,0.0032737879472034014,0.25410845837536705,0.2612952656718186,0.2682850740530057,-0.2545553823728846,0.6868666666666666
calibrated,300,1.0,1.0,2.3,0.22368896810719482,0.003262637074199493,0.2496539266938161,0.2565303979488883,0.26322415408451627,-0.27408453928494797,0.6953333333333334
calibrated,300,1.0,1.0,2.4,0.22026196391107758,0.0032490021824951726,0.24512307953396106,0.25165446787356116,0.2579457778805243,-0.29397568702231297,0.7024
calibrated,300,1.0,1.0,2.5,0.21658207899640194,0.0032331301414262738,0.24044873660074925,0.24664540165378332,0.25292986539909007,-0.31456797875553044,0.7106
calibrated,300,1.5,0.0,0.0,0.015412676377332006,0.000635539592376993,0.056793316316959,0.10022546839648644,0.18326017190950072,0.009892217678071087,0.44406666666666667
calibrated,300,1.5,0.0,0.1,0.030928283928390816,0.000944001408581875,0.0931081572339327,0.1409643381535191,0.21189311343078782,0.009154721933514074,0.45293333333333335
calibrated,300,1.5,0.0,0.2,0.0651410540622692,0.0014990592321947186,0.14806602252115117,0.1960240351166638,0.2531134544659615,0.007256356734642779,0.46846666666666664
calibrated,300,1.5,0.0,0.3,0.10239785480075544,0.0019528423456953293,0.19518342722691678,0.23868643280267973,0.28536460271886027,0.004251114886810636,0.4852666666666667
calibrated,300,1.5,0.0,0.4,0.13654633690349283,0.0023020187709611043,0.2301523912244995,0.2677458784628147,0.3055765949874694,0.0003697361560306974,0.4988666666666667
calibrated,300,1.5,0.0,0.5,0.16472502389245533,0.0025595950114638472,0.25517262544065894,0.28807671618734454,0.319980256659084,-0.0049649099694789416,0.5135333333333333
calibrated,300,1.5,0.0,0.6,0.1876234939573464,0.0027519272019675806,0.2727499583425672,0.30104515394443626,0.32806665818251696,-0.011093688564613508,0.5256
calibrated,300,1.5,0.0,0.7,0.20545575221674592,0.002897853070274313,0.2844083113309054,0.3090041917994998,0.3322057707265663,-0.01920234946434263,0.5370666666666667
calibrated,300,1.5,0.0,0.8,0.21917003104436786,0.0030089486945786264,0.2919745668032321,0.3136634498576787,0.33410247864188425,-0.028666163161176976,0.5502666666666667
calibrated,300,1.5,0.0,0.9,0.22933691628054342,0.0030933783263468817,0.29661035681956316,0.3161114439865179,0.33420672050522765,-0.0388048307633556,0.5617333333333333
calibrated,300,1.5,0.0,1.0,0.23683265897818703,0.0031579294623451156,0.29904434868207624,0.3167548562190753,0.3334048828731061,-0.04964292496438909,0.5736
calibrated,300,1.5,0.0,1.1,0.24250349620536218,0.0032077553178906535,0.3002589848669889,0.3161117368163347,0.33119439019562924,-0.0613495927823248,0.583
calibrated,300,1.5,0.0,1.2,0.24624950854967156,0.003246799765369684,0.2997748421091704,0.3144349540864807,0.32809941379886937,-0.07364367131499044,0.5936666666666667
calibrated,300,1.5,0.0,1.3,0.24835427585649505,0.003276164909019469,0.2980411436291896,0.31173560081229323,0.3247369274103941,-0.0873784646628176,0.6025333333333334
calibrated,300,1.5,0.0,1.4,0.24918793549405746,0.00329710383252359,0.2954592451081991,0.3082466123703758,0.320439871728462,-0.10329024466990505,0.6125333333333334
calibrated,300,1.5,0.0,1.5,0.2491476537491059,0.0033112947712260433,0.29252233015436135,0.3044957949498666,0.31577047798293684,-0.11861385991451343,0.6215333333333334
calibrated,300,1.5,0.0,1.6,0.24826112237495915,0.003320455223214103,0.2889121466377921,0.3002208635985622,0.3110243733470157,-0.1352287361108,0.6287333333333334
calibrated,300,1.5,0.0,1.7,0.2468619419092258,0.003324905520010186,0.2850690898757307,0.2954173385302392,0.3057083826185703,-0.1525645952901581,0.6381333333333333
calibrated,300,1.5,0.0,1.8,0.24486704716664365,0.0033253687129541926,0.28111328072312425,0.29083954420703345,0.30052021772765275,-0.16981033934794976,0.6461333333333333
calibrated,300,1.5,0.0,1.9,0.24232474184744132,0.003322633538067309,0.27673569852345803,0.28595983417028553,0.2950800248736103,-0.18831498776188557,0.6558
calibrated,300,1.5,0.0,2.0,0.23931108763811942,0.0033173982322607927,0.2718240460449891,0.28075879470202797,0.28936321371371215,-0.20740395740700124,0.6644
calibrated,300,1.5,0.0,2.1,0.2360555422357883,0.003309817625823142,0.266614810627067,0.27499319535810746,0.28317965743051865,-0.22620036507761465,0.6732666666666667
calibrated,300,1.5,0.0,2.2,0.23256882585732444,0.0032996126537787676,0.2615753640453771,0.26939840494268386,0.2768566942257106,-0.2460811089741572,0.6822666666666667
calibrated,300,1.5,0.0,2.3,0.2288280907604976,0.0032879525356331683,0.2562545462844566,0.2639666227621467,0.2710398957873786,-0.26610170790220466,0.6909333333333333
calibrated,300,1.5,0.0,2.4,0.22499622159252244,0.003274372125979046,0.25089756513803163,0.25820017627749714,0.26540509532530676,-0.2860774587723916,0.6992666666666667
calibrated,300,1.5,0.0,2.5,0.22099585988644618,0.003259545443148737,0.2452506737105167,0.2520571470350827,0.2590929841448058,-0.30708338511266886,0.7063333333333334
calibrated,300,1.5,1.0,0.0,0.0028432040952811404,0.0002333031165643447,0.015206501512583731,0.03388739744629273,0.08828537988319364,0.002930746234421234,0.49046666666666666
calibrated,300,1.5,1.0,0.1,0.0162801422060675,0.0006813718076656441,0.05320032255413811,0.08735517579166122,0.15391619905710413,0.0019363750893521177,0.49366666666666664
calibrated,300,1.5,1.0,0.2,0.05043794700933625,0.001337787893313398,0.11644125783380858,0.15849835012157792,0.2186617332205633,-0.0004460399105972784,0.5014
calibrated,300,1.5,1.0,0.3,0.08850721447392568,0.0018477939838725923,0.16846336776943127,0.2083110678668278,0.2564148614677505,-0.0043757000432657085,0.5102666666666666
calibrated,300,1.5,1.0,0.4,0.12255861193299455,0.0022188129977080435,0.20589677268247097,0.24144992963505005,0.28088064059605955,-0.00840710481057554,0.5192
calibrated,300,1.5,1.0,0.5,0.15067406302685682,0.002486908011733227,0.232326731809772,0.263269305865337,0.29628606275247676,-0.015369412477975184,0.5284666666666666
calibrated,300,1.5,1.0,0.6,0.17326048673230293,0.0026849888982997533,0.2509346897592998,0.2781445523831997,0.30672581240760044,-0.02171601454678868,0.5388
calibrated,300,1.5,1.0,0.7,0.19129905949692866,0.0028352513408833324,0.2644252629426317,0.2889662140827914,0.3144527261780016,-0.02914425806649924,0.5494
calibrated,300,1.5,1.0,0.8,0.2055646665856081,0.002950210600155462,0.2739827542746531,0.29595255153664485,0.3182927885904546,-0.03740887458068726,0.5584
calibrated,300,1.5,1.0,0.9,0.2166790668047831,0.003038847133944485,0.2807576905430163,0.30074691090847777,0.32079748164731947,-0.047144975029711406,0.5680666666666667
calibrated,300,1.5,1.0,1.0,0.2251322719848656,0.0031077029115097058,0.2848328020988138,0.30271147044004604,0.32044986293819683,-0.0579561241388156,0.5775333333333333
calibrated,300,1.5,1.0,1.1,0.23124610510658028,0.0031610972540856417,0.2866735640034249,0.3028875174151532,0.31914975891313635,-0.06939054420304477,0.5876
calibrated,300,1.5,1.0,1.2,0.23553465435322854,0.0032023758123427607,0.2871434006901145,0.30197930572185533,0.31657238706196683,-0.0818503169587742,0.597
calibrated,300,1.5,1.0,1.3,0.23836000057082504,0.0032342753561850463,0.2863413059674185,0.29995972734203424,0.3130528707752865,-0.09563591438296562,0.6062666666666666
calibrated,300,1.5,1.0,1.4,0.23988026080041697,0.0032576629111520095,0.2847264946509185,0.2974433167374872,0.3096324731480082,-0.11088900238141283,0.6161333333333333
calibrated,300,1.5,1.0,1.5,0.24038665047426486,0.0032747390923007196,0.2822120856084139,0.294078126865592,0.3057423190867915,-0.12699482634714152,0.6262
calibrated,300,1.5,1.0,1.6,0.24011290021151968,0.0032863745037788527,0.27920753556690076,0.29024407643423566,0.30144183692079557,-0.1426118361813375,0.6348
calibrated,300,1.5,1.0,1.7,0.23927281198748782,0.003293281058464689,0.2760672469003138,0.2863385827768401,0.296845134077468,-0.15928103718069175,0.6436
calibrated,300,1.5,1.0,1.8,0.23783415728782806,0.0032966200908693347,0.27241343261054113,0.2820254966843696,0.2917513548228963,-0.1767925589654353,0.6530666666666667
calibrated,300,1.5,1.0,1.9,0.23590753040819043,0.003296101808702765,0.2685278276135777,0.27742455440648955,0.28684653494644713,-0.1944942954120657,0.661
calibrated,300,1.5,1.0,2.0,0.23357666852525216,0.0032924817399910804,0.2644186779777374,0.2727936319337231,0.2814035749134942,-0.2132078259931763,0.6694
calibrated,300,1.5,1.0,2.1,0.2308940091949584,0.003286007368154882,0.2600568097354392,0.26795207516049396,0.27594956456270336,-0.2322118773698334,0.6770666666666667
calibrated,300,1.5,1.0,2.2,0.22796249231880905,0.003276641156979681,0.2557146667489641,0.26304668042619894,0.27035604989068374,-0.25202274715553896,0.6839333333333333
calibrated,300,1.5,1.0,2.3,0.22466562337665266,0.0032648234402543066,0.25127846812170934,0.2580781028414599,0.26499984890328665,-0.2714754935604169,0.6919333333333333
calibrated,300,1.5,1.0,2.4,0.22104465123249617,0.003251087478601419,0.24661543226831698,0.2532659810393156,0.25965134152909747,-0.2918135986182366,0.6997333333333333
calibrated,300,1.5,1.0,2.5,0.21719290349710754,0.0032357190222141877,0.24153298923035924,0.24804839692640382,0.25434114360254434,-0.31276127033539397,0.7080666666666666
calibrated,500,1.0,0.0,0.0,1.844178608253952e-33,2.078924312340743e-34,9.512648110270446e-30,7.875571919031274e-27,4.329438173286242e-21,0.007555089122021595,0.4358
calibrated,500,1.0,0.0,0.1,0.010498889190886417,0.0005476734371688964,0.034747363267616946,0.05687558368398728,0.1005635594560518,0.006761054757056075,0.4534
calibrated,500,1.0,0.0,0.2,0.03759997092806005,0.0011478248515834736,0.09120351118101463,0.12772866558109133,0.18196086974936332,0.004995266470893841,0.4736666666666667
calibrated,500,1.0,0.0,0.3,0.07057792767737359,0.0016288953115739496,0.14421866145328177,0.1833224085354022,0.23245414472767642,0.002168555908554793,0.49193333333333333
calibrated,500,1.0,0.0,0.4,0.10296049683881447,0.0020100277277570276,0.18407006350797983,0.2205601743806964,0.26502679884411207,-0.001709468352459753,0.5062
calibrated,500,1.0,0.0,0.5,0.131309181322181,0.0022990837099466756,0.21458520166517095,0.24872483270687595,0.2878442887998556,-0.0076651549892562225,0.5204666666666666
calibrated,500,1.0,0.0,0.6,0.15536354955306456,0.0025221371581928506,0.23668577887144762,0.2672577104004692,0.30158757793069835,-0.014599015004868831,0.5334
calibrated,500,1.0,0.0,0.7,0.17476159320491358,0.0026930753650380715,0.2520547513475697,0.2796053698083849,0.3099831207616015,-0.022170158727591854,0.5464666666666667
calibrated,500,1.0,0.0,0.8,0.18998876918399388,0.002824415014901507,0.2627032366716418,0.28781086835847747,0.3146999903392971,-0.030510503268446607,0.5572666666666667
calibrated,500,1.0,0.0,0.9,0.20184039630934913,0.002925206065871585,0.27004793934075444,0.29281834678211605,0.31696516329998836,-0.04034715087169133,0.5682666666666667
calibrated,500,1.0,0.0,1.0,0.21097707371252297,0.0030034640259942362,0.2749197169660008,0.2958545879976684,0.3177430365971339,-0.05204360765834089,0.5792666666666667
calibrated,500,1.0,0.0,1.1,0.21799523032609464,0.0030645869971081736,0.27808403020355,0.29735654992266475,0.31708120741532525,-0.06414447442583521,0.5893333333333334
calibrated,500,1.0,0.0,1.2,0.22320458583759623,0.003112807605856756,0.27947960087185036,0.29714639657237274,0.3153055038019331,-0.0771106844011155,0.5979333333333333
calibrated,500,1.0,0.0,1.3,0.2267816207448008,0.0031502717750417192,0.279459681130833,0.2958904381544898,0.3130128061006567,-0.09118662533852999,0.6075333333333334
calibrated,500,1.0,0.0,1.4,0.2290989186554355,0.003178789186887811,0.2784305311046149,0.2935275781435399,0.3096233612696664,-0.10565522157561635,0.6158666666666667
calibrated,500,1.0,0.0,1.5,0.23041713496205654,0.0032000169307329776,0.27680762713505536,0.2906800043047365,0.30534068779694135,-0.12142991573747011,0.6246
calibrated,500,1.0,0.0,1.6,0.23083556387253995,0.003215167829132265,0.2746350069012541,0.28751195459885837,0.3012485446820726,-0.13713679398686032,0.6332666666666666
calibrated,500,1.0,0.0,1.7,0.23045610940503497,0.0032251022258442427,0.2719605971787009,0.2839890669596008,0.2964665680281276,-0.15448898125234223,0.6414666666666666
calibrated,500,1.0,0.0,1.8,0.22939195901134857,0.003230736535248928,0.2687157048612066,0.2801836868591398,0.2916850459552363,-0.17148247562985136,0.6500666666666667
calibrated,500,1.0,0.0,1.9,0.22778165557603292,0.003232729021686748,0.2649488539970176,0.2759375399779751,0.2869055461355259,-0.18992249740234668,0.6602
calibrated,500,1.0,0.0,2.0,0.22574902833607424,0.003231345363771791,0.2607691696014358,0.2709731289236487,0.28127431008150916,-0.20861808018348932,0.6681333333333334
calibrated,500,1.0,0.0,2.1,0.22332498425018313,0.003226893825039643,0.25644862567491594,0.2660712852655747,0.2758482016640308,-0.2276656336756732,0.6770666666666667
calibrated,500,1.0,0.0,2.2,0.22054488170505146,0.0032199116046279256,0.25187681111648974,0.2609169321836362,0.2704281424315768,-0.2479222684887225,0.685
calibrated,500,1.0,0.0,2.3,0.21754272120649165,0.0032108195700175785,0.24713997765812687,0.2553805758979756,0.26472567321257057,-0.2675237189816474,0.6943333333333334
calibrated,500,1.0,0.0,2.4,0.21435356340234976,0.0031994823091672834,0.24266301574804885,0.25031855070743475,0.25824773223884767,-0.28810317466731894,0.7016
calibrated,500,1.0,0.0,2.5,0.21088793828164937,0.003186583968557967,0.23779018970439855,0.24511472030406456,0.25246621381922685,-0.3081257196311079,0.7089333333333333
calibrated,500,1.0,1.0,0.0,2.5413807534056877e-39,8.500435443888128e-41,1.9480754828496187e-35,2.413255152087096e-32,3.7474809603920815e-26,0.00012284832015408784,0.4996
calibrated,500,1.0,1.0,0.1,0.005694612775325112,0.000411167932342977,0.0191001863746389,0.032737402485619876,0.06338702733327012,-0.00012131580737725792,0.5005333333333334
calibrated,500,1.0,1.0,0.2,0.030645370039557376,0.0010401324341005275,0.07414361868285349,0.10316396944763614,0.14945319682019204,-0.0031823762694469593,0.5088
calibrated,500,1.0,1.0,0.3,0.06299864271047172,0.0015630466818514213,0.1252704894571015,0.15878541654204723,0.20326586742819142,-0.006562874366844005,0.5186
calibrated,500,1.0,1.0,0.4,0.09402847838248862,0.001954805565327114,0.16527241849283986,0.19836600358594605,0.23954895438828747,-0.011129773351870181,0.5282
calibrated,500,1.0,1.0,0.5,0.1212039295878983,0.002244747372591654,0.1955726221951633,0.22672279407970866,0.26350159055392863,-0.016974950173750225,0.5383333333333333
calibrated,500,1.0,1.0,0.6,0.1441237917153298,0.002463951200125662,0.21828250375336047,0.24687268858995637,0.27904357613205777,-0.02406631307133487,0.5460666666666667
calibrated,500,1.0,1.0,0.7,0.16322986434817488,0.0026343191736183033,0.23513120255600473,0.26144609304556926,0.2906814892376564,-0.0317488363218834,0.5538
calibrated,500,1.0,1.0,0.8,0.1788853570836623,0.002767991695070031,0.24783950523777357,0.272026084644454,0.29795112992602807,-0.03912231198258778,0.5644666666666667
calibrated,500,1.0,1.0,0.9,0.19129142711848068,0.002872296468896822,0.2567274924954867,0.2788566672211514,0.3020609825515174,-0.04761594927146431,0.5735333333333333
calibrated,500,1.0,1.0,1.0,0.20127042333517997,0.002954546151337322,0.2631065513277904,0.28316259002825295,0.30412869740759296,-0.05810384710052063,0.5831333333333333
calibrated,500,1.0,1.0,1.1,0.20890911343434032,0.0030197670148432118,0.2668966233206269,0.2850783427128105,0.30440257040671975,-0.07101512763243426,0.5933333333333334
calibrated,500,1.0,1.0,1.2,0.214523207200032,0.003070991666043719,0.26884591555943366,0.2855053586677215,0.3030941838478429,-0.0837767303143018,0.602
calibrated,500,1.0,1.0,1.3,0.218678332531272,0.0031110901065025103,0.2696758446794607,0.2849495202192778,0.30110378830282053,-0.09864778220236728,0.6107333333333334
calibrated,500,1.0,1.0,1.4,0.22148359158434966,0.0031424242651697265,0.26921004428192236,0.2832889260114089,0.2978911208468685,-0.11259795101003744,0.6202666666666666
calibrated,500,1.0,1.0,1.5,0.22316771029103108,0.0031659925343376907,0.2679318163546311,0.2809866936410222,0.29426586479298755,-0.12882902288146836,0.6293333333333333
calibrated,500,1.0,1.0,1.6,0.22390915700659159,0.003183070976064431,0.2660094587084583,0.278155063178461,0.2908983134937743,-0.14461359267115664,0.6392666666666666
calibrated,500,1.0,1.0,1.7,0.2239801374338906,0.0031951474922491093,0.263776382066729,0.2749927276071211,0.2869863725912134,-0.16104109719588736,0.6476666666666666
calibrated,500,1.0,1.0,1.8,0.22332950932262738,0.0032023488149557217,0.26109162811447134,0.2717759788936007,0.2822336536465269,-0.17862542312955318,0.6563333333333333
calibrated,500,1.0,1.0,1.9,0.2221568930069688,0.0032058174592012986,0.25781786278433044,0.26799696985960236,0.27797191048274894,-0.1974101289710582,0.6647333333333333
calibrated,500,1.0,1.0,2.0,0.22057044590473918,0.003205740294819859,0.25430986749244955,0.2637739724251744,0.2736022095829199,-0.2160755191117904,0.6728666666666666
calibrated,500,1.0,1.0,2.1,0.21857287035090736,0.0032022912836999736,0.2507618128715216,0.2596939615016902,0.26874429711672904,-0.2355919635121858,0.6800666666666667
calibrated,500,1.0,1.0,2.2,0.21628519875232197,0.003196352627941337,0.24698936382866704,0.25542769204091753,0.2638653111959983,-0.2545553823728846,0.6868666666666666
calibrated,500,1.0,1.0,2.3,0.2135887430639621,0.0031876409471580857,0.24291880936259927,0.2508745627178262,0.2590502967802195,-0.27408453928494797,0.6953333333333334
calibrated,500,1.0,1.0,2.4,0.210575729616704,0.0031763673671515074,0.23871739468181602,0.2462848321305474,0.254065226507311,-0.29397568702231297,0.7024
calibrated,500,1.0,1.0,2.5,0.2072729966587607,0.0031630553636644884,0.23436846922313403,0.24155580164351864,0.24894738821710388,-0.31456797875553044,0.7106
calibrated,500,1.5,0.0,0.0,0.008004108255927067,0.0004574309679137034,0.030920612822083908,0.05733840402747329,0.12336141227250594,0.009892217678071087,0.44406666666666667
calibrated,500,1.5,0.0,0.1,0.01771917825090652,0.0006992136565664318,0.058958443818117726,0.09607987689731194,0.16333146389534617,0.009154721933514074,0.45293333333333335
calibrated,500,1.5,0.0,0.2,0.04409969902481179,0.0012187286328149253,0.10929743291265166,0.15294646780347618,0.21646744947115978,0.007256356734642779,0.46846666666666664
calibrated,500,1.5,0.0,0.3,0.0759987985630559,0.0016722338782274968,0.15709003057333137,0.20093776589029774,0.25610356663777006,0.004251114886810636,0.4852666666666667
calibrated,500,1.5,0.0,0.4,0.10769889706385974,0.002037403844580288,0.1954450384371846,0.2359361729958652,0.28206473670000554,0.0003697361560306974,0.4988666666666667
calibrated,500,1.5,0.0,0.5,0.1354322402784381,0.002319632883686751,0.22386056462187234,0.2606529353288057,0.30025886020868886,-0.0049649099694789416,0.5135333333333333
calibrated,500,1.5,0.0,0.6,0.15888310806369282,0.0025344446792231194,0.2451266598562617,0.27778458745964807,0.3112709907425111,-0.011093688564613508,0.5256
calibrated,500,1.5,0.0,0.7,0.17799096197048872,0.0027013427743156535,0.259975531913502,0.2889804036599105,0.3177457130962515,-0.01920234946434263,0.5370666666666667
calibrated,500,1.5,0.0,0.8,0.19324382823113617,0.00283059574742078,0.2702937611551312,0.29606344515933136,0.3213637553323102,-0.028666163161176976,0.5502666666666667
calibrated,500,1.5,0.0,0.9,0.2050311292198563,0.0029309969315580438,0.27700001738594343,0.300347230051277,0.3229839332452334,-0.0388048307633556,0.5617333333333333
calibrated,500,1.5,0.0,1.0,0.2140772403989639,0.0030089906318025187,0.28126426713227903,0.3024310920768,0.32302250175239494,-0.04964292496438909,0.5736
calibrated,500,1.5,0.0,1.1,0.22110539374127608,0.003069780585700526,0.28416475181742396,0.3033739145950245,0.3216219959715157,-0.0613495927823248,0.583
calibrated,500,1.5,0.0,1.2,0.22624585188597376,0.003118272062560761,0.2850439548370433,0.3025714588307131,0.31962616645031905,-0.07364367131499044,0.5936666666666667
calibrated,500,1.5,0.0,1.3,0.22968984082812016,0.0031563088347996444,0.28443593915754944,0.3005819065965898,0.31666587115552614,-0.0873784646628176,0.6025333333333334
calibrated,500,1.5,0.0,1.4,0.23173655351993147,0.0031847496647436292,0.28283714352087225,0.29777783169336564,0.31287090037602194,-0.10329024466990505,0.6125333333333334
calibrated,500,1.5,0.0,1.5,0.23274132379083967,0.003205503503922435,0.2807401817573932,0.2946780736853083,0.30886970985459744,-0.11861385991451343,0.6215333333333334
calibrated,500,1.5,0.0,1.6,0.23284787209934704,0.003220500115767681,0.27789955802004335,0.2908836650262382,0.3044177413241938,-0.1352287361108,0.6287333333333334
calibrated,500,1.5,0.0,1.7,0.2322879836105464,0.00323001906470212,0.274903458220003,0.2869273953791229,0.2992690368651334,-0.1525645952901581,0.6381333333333333
calibrated,500,1.5,0.0,1.8,0.23105765945395604,0.003235219651029483,0.2714459989998348,0.28292933748198956,0.294411094040705,-0.16981033934794976,0.6461333333333333
calibrated,500,1.5,0.0,1.9,0.22925909559430935,0.003236799410359707,0.2674623720927194,0.2785077560211504,0.289223536375479,-0.18831498776188557,0.6558
calibrated,500,1.5,0.0,2.0,0.22700227704500497,0.003235398463386845,0.26295384969395735,0.273471588341344,0.28396215736452396,-0.20740395740700124,0.6644
calibrated,500,1.5,0.0,2.1,0.22444460883670575,0.0032311763540188478,0.25834781389457856,0.26814133210546937,0.2780468053057767,-0.22620036507761465,0.6732666666666667
calibrated,500,1.5,0.0,2.2,0.22156441940525323,0.0032242371216859617,0.253700484037793,0.2630780265439851,0.2721290870342432,-0.2460811089741572,0.6822666666666667
calibrated,500,1.5,0.0,2.3,0.2184529926798445,0.003215317084195273,0.24870043135478237,0.2576329517288468,0.26679514076852284,-0.26610170790220466,0.6909333333333333
calibrated,500,1.5,0.0,2.4,0.215174486393089,0.0032041375578346822,0.24378169315239018,0.25219100821483675,0.2608755202935776,-0.2860774587723916,0.6992666666666667
calibrated,500,1.5,0.0,2.5,0.2117384572423437,0.003191371437392855,0.2386540800948575,0.24644157788992185,0.25453575304065373,-0.30708338511266886,0.7063333333333334
calibrated,500,1.5,1.0,0.0,0.0011449362411627242,0.00014663379456549892,0.006232450154525771,0.014611313888189415,0.04472315879564859,0.002930746234421234,0.49046666666666666
calibrated,500,1.5,1.0,0.1,0.00901714160543756,0.0004982366166838891,0.031510409979377284,0.0541533421131026,0.10465187026057808,0.0019363750893521177,0.49366666666666664
calibrated,500,1.5,1.0,0.2,0.03410818738709026,0.0010873622658726537,0.08454953888042642,0.11981426622088705,0.1775143757016693,-0.0004460399105972784,0.5014
calibrated,500,1.5,1.0,0.3,0.06607938589634921,0.0015858624091745037,0.13478546799365604,0.17323130291273353,0.2247494211260599,-0.0043757000432657085,0.5102666666666666
calibrated,500,1.5,1.0,0.4,0.09722545295631435,0.0019698531636627233,0.17419827870564528,0.21088095016897335,0.2554631124468149,-0.00840710481057554,0.5192
calibrated,500,1.5,1.0,0.5,0.12442943287968519,0.0022579268326012717,0.20364408926853939,0.23716848522720985,0.27501751056337703,-0.015369412477975184,0.5284666666666666
calibrated,500,1.5,1.0,0.6,0.14725670668845736,0.002475885509498974,0.22526764030695412,0.2553915539639945,0.2883850287682673,-0.02171601454678868,0.5388
calibrated,500,1.5,1.0,0.7,0.1661430920730797,0.0026442931480722526,0.24116850286125163,0.2684737300437113,0.29816083282386896,-0.02914425806649924,0.5494
calibrated,500,1.5,1.0,0.8,0.18150804888384273,0.0027754761561598522,0.2529466176630789,0.27769231240012654,0.3040957083215421,-0.03740887458068726,0.5584
calibrated,500,1.5,1.0,0.9,0.19381330411804482,0.0028784571953398208,0.2614829680031685,0.28418974624950344,0.3080817964862006,-0.047144975029711406,0.5680666666666667
calibrated,500,1.5,1.0,1.0,0.20350727543167213,0.0029599543840893713,0.26736029281804397,0.28801326322852505,0.3091838529774574,-0.0579561241388156,0.5775333333333333
calibrated,500,1.5,1.0,1.1,0.21090565430785904,0.0030238133947175032,0.27080487970099765,0.2895741117817729,0.3087565495512742,-0.06939054420304477,0.5876
calibrated,500,1.5,1.0,1.2,0.21643047609564048,0.003074375463821631,0.2725567989032547,0.2898293111531241,0.3073065529239179,-0.0818503169587742,0.597
calibrated,500,1.5,1.0,1.3,0.22044373086819175,0.003114363293909013,0.2729712480187797,0.2887909240854603,0.304882164459802,-0.09563591438296562,0.6062666666666666
calibrated,500,1.5,1.0,1.4,0.2230592093686667,0.003145135238168214,0.27229595150330016,0.28698748577091304,0.3020685388151926,-0.11088900238141283,0.6161333333333333
calibrated,500,1.5,1.0,1.5,0.22460699092822514,0.0031685839202317723,0.2707241938157336,0.28426704908489586,0.29846691816305204,-0.12699482634714152,0.6262
calibrated,500,1.5,1.0,1.6,0.2252805591634839,0.0031858941871075815,0.2685806792783192,0.2810960571029431,0.2943898538720744,-0.1426118361813375,0.6348
calibrated,500,1.5,1.0,1.7,0.22525994477027741,0.0031976806865333636,0.26613125045719355,0.2778532335422439,0.29017725320288895,-0.15928103718069175,0.6436
calibrated,500,1.5,1.0,1.8,0.2246139490365458,0.0032054821500120153,0.263137825162439,0.2740750308298064,0.28564603183141807,-0.1767925589654353,0.6530666666666667
calibrated,500,1.5,1.0,1.9,0.22339056593121337,0.0032087762537189642,0.25983578058179435,0.2701253028422942,0.2806937672337201,-0.1944942954120657,0.661
calibrated,500,1.5,1.0,2.0,0.22170429703257807,0.00320833714974373,0.25622519764271706,0.2659229651071618,0.27585383056740137,-0.2132078259931763,0.6694
calibrated,500,1.5,1.0,2.1,0.2196077249267366,0.0032047373341567006,0.25239597777723255,0.261431810320065,0.27086061511738635,-0.2322118773698334,0.6770666666666667
calibrated,500,1.5,1.0,2.2,0.2171583345877078,0.0031981819088299484,0.24857518074634544,0.25699824406012434,0.26581052802684685,-0.25202274715553896,0.6839333333333333
calibrated,500,1.5,1.0,2.3,0.2143198040605586,0.003189376304502745,0.24444146994161525,0.25258313136723703,0.2605207721904939,-0.2714754935604169,0.6919333333333333
calibrated,500,1.5,1.0,2.4,0.211173178465507,0.003178411055613811,0.23990729766756005,0.24789851671838356,0.2556072121306939,-0.2918135986182366,0.6997333333333333
calibrated,500,1.5,1.0,2.5,0.20780704823215274,0.003165492319091456,0.2351114374864544,0.24270217203165115,0.25039237335042375,-0.31276127033539397,0.7080666666666666
calibrated,1000,1.0,0.0,0.0,6.516467199423917e-64,1.1027322240392898e-64,1.3202925961599955e-59,4.3725914480133645e-56,8.354190134254507e-49,0.007555089122021595,0.4358
calibrated,1000,1.0,0.0,0.1,0.004609119634754627,0.00035795240057042387,0.016444903348489907,0.02929293518442328,0.05802053354533528,0.006761054757056075,0.4534
calibrated,1000,1.0,0.0,0.2,0.021174968660590397,0.0008464291859977283,0.05593535362977178,0.08281303567660343,0.13097493660491283,0.004995266470893841,0.4736666666666667
calibrated,1000,1.0,0.0,0.3,0.04477808961631044,0.0012871062666271226,0.10050116341419751,0.13627381645910575,0.1872006330966452,0.002168555908554793,0.49193333333333333
calibrated,1000,1.0,0.0,0.4,0.07119999569311038,0.0016597512902495719,0.1406965785037177,0.1773331748284583,0.22412645652012686,-0.001709468352459753,0.5062
calibrated,1000,1.0,0.0,0.5,0.09652360389372862,0.0019628596458234316,0.17287201299744182,0.20853487661876247,0.252188814996256,-0.0076651549892562225,0.5204666666666666
calibrated,1000,1.0,0.0,0.6,0.11954910902493945,0.0022059826628137275,0.1982458936214587,0.23150046220903964,0.2703153302777483,-0.014599015004868831,0.5334
calibrated,1000,1.0,0.0,0.7,0.1393241856312221,0.002399705130342513,0.21720375164202751,0.2474668986169335,0.2824121525520866,-0.022170158727591854,0.5464666666666667
calibrated,1000,1.0,0.0,0.8,0.15574755774188875,0.002554355331468189,0.23090758848007156,0.25849911699593897,0.29046991269481437,-0.030510503268446607,0.5572666666666667
calibrated,1000,1.0,0.0,0.9,0.16908344666896608,0.002676921060410617,0.24090612808473197,0.26629484778102513,0.29523479992302915,-0.04034715087169133,0.5682666666666667
calibrated,1000,1.0,0.0,1.0,0.1798142471677665,0.0027744058180802227,0.24808411148716802,0.2714552997907265,0.2981361975975474,-0.05204360765834089,0.5792666666666667
calibrated,1000,1.0,0.0,1.1,0.18838793069413162,0.00285211896751497,0.25319029007708344,0.2748910959630376,0.29951633897689234,-0.06414447442583521,0.5893333333333334
calibrated,1000,1.0,0.0,1.2,0.19515416543393682,0.00291470454511657,0.2565251681632478,0.2765921785651285,0.2990971990669073,-0.0771106844011155,0.5979333333333333
calibrated,1000,1.0,0.0,1.3,0.2002831631447496,0.0029647211260719992,0.258227464493569,0.2767588601992168,0.29770224138209533,-0.09118662533852999,0.6075333333333334
calibrated,1000,1.0,0.0,1.4,0.20404672024851825,0.003004261041042675,0.2588223709548354,0.27600250949726535,0.2951202354580703,-0.10565522157561635,0.6158666666666667
calibrated,1000,1.0,0.0,1.5,0.20668344133043126,0.0030351971961993535,0.25856984036894554,0.2746248246100657,0.29214273285760706,-0.12142991573747011,0.6246
calibrated,1000,1.0,0.0,1.6,0.20833428278649024,0.0030590963592970213,0.25750381562266783,0.2726531456046754,0.28883595637760917,-0.13713679398686032,0.6332666666666666
calibrated,1000,1.0,0.0,1.7,0.2091188825849206,0.003077009514063708,0.2557016893733242,0.27012463237931567,0.2852570419965068,-0.15448898125234223,0.6414666666666666
calibrated,1000,1.0,0.0,1.8,0.20917511160338775,0.003089710705724005,0.25327292990004124,0.2669264912654278,0.28146354035327964,-0.17148247562985136,0.6500666666666667
calibrated,1000,1.0,0.0,1.9,0.2086320859948672,0.003097852260121217,0.2503818478402315,0.26318381924632295,0.27719272436480086,-0.18992249740234668,0.6602
calibrated,1000,1.0,0.0,2.0,0.20757607510136336,0.003101920282802634,0.24721833327417955,0.2591481411514116,0.2721249993648661,-0.20861808018348932,0.6681333333333334
calibrated,1000,1.0,0.0,2.1,0.20605629211777116,0.0031026333563493646,0.24374700532946236,0.2549226938022742,0.2671580952425697,-0.2276656336756732,0.6770666666666667
calibrated,1000,1.0,0.0,2.2,0.20414713813981725,0.00310059732573665,0.23995057596823063,0.25049661079176294,0.26183410868624424,-0.2479222684887225,0.685
calibrated,1000,1.0,0.0,2.3,0.2019549608557322,0.003095880538824929,0.23600802918445155,0.2459546891383911,0.2561481371159635,-0.2675237189816474,0.6943333333333334
calibrated,1000,1.0,0.0,2.4,0.19948751915635465,0.0030888808164905466,0.23193851353958628,0.24160537154377276,0.25111520222822564,-0.28810317466731894,0.7016
calibrated,1000,1.0,0.0,2.5,0.19677832902535572,0.003079672118950199,0.2275378625613177,0.23674253850564717,0.24586318348382505,-0.3081257196311079,0.7089333333333333
calibrated,1000,1.0,1.0,0.0,1.1483749449707164e-76,5.325369874243216e-78,3.4804863495568784e-72,1.7307287544768205e-68,9.288649440809041e-61,0.00012284832015408784,0.4996
calibrated,1000,1.0,1.0,0.1,0.0025681455844002925,0.00027762089749090014,0.008774826068983456,0.015706988708292898,0.03305971064891682,-0.00012131580737725792,0.5005333333333334
calibrated,1000,1.0,1.0,0.2,0.017166189036399264,0.00076452812251781,0.04579326455996567,0.06769677146308925,0.10527380717845818,-0.0031823762694469593,0.5088
calibrated,1000,1.0,1.0,0.3,0.040613109813133104,0.0012321013035053766,0.08907838775813538,0.11826104960777763,0.16205374123900176,-0.006562874366844005,0.5186
calibrated,1000,1.0,1.0,0.4,0.06615650545563578,0.0016221747514577885,0.12688022903885468,0.1589284719598423,0.20158433798309885,-0.011129773351870181,0.5282
calibrated,1000,1.0,1.0,0.5,0.09026871515813846,0.0019269510511354655,0.15797772161155968,0.18993385802151033,0.22984490670897412,-0.016974950173750225,0.5383333333333333
calibrated,1000,1.0,1.0,0.6,0.11183142903189752,0.0021653567042128562,0.18264972546190872,0.2132820997723799,0.24984475159048464,-0.02406631307133487,0.5460666666666667
calibrated,1000,1.0,1.0,0.7,0.1307316116050104,0.00235447213830234,0.20203014901270513,0.2305997940630894,0.26419304916595854,-0.0317488363218834,0.5538
calibrated,1000,1.0,1.0,0.8,0.14691897956057534,0.0025077189767923995,0.2169786914647378,0.24376311113301144,0.2746103312910366,-0.03912231198258778,0.5644666666666667
calibrated,1000,1.0,1.0,0.9,0.1603354650805771,0.0026310826945503962,0.22813548698989344,0.25306818374099477,0.281252892369738,-0.04761594927146431,0.5735333333333333
calibrated,1000,1.0,1.0,1.0,0.17144119837229493,0.002730033593547552,0.23678665072572552,0.25986703022634267,0.285345531494886,-0.05810384710052063,0.5831333333333333
calibrated,1000,1.0,1.0,1.1,0.18041879104212444,0.0028099977336486217,0.24283591130686888,0.26403378108540065,0.2869708053882327,-0.07101512763243426,0.5933333333333334
calibrated,1000,1.0,1.0,1.2,0.18747562263122458,0.002874255237462551,0.24668158704113105,0.2662225806710041,0.2872721986219501,-0.0837767303143018,0.602
calibrated,1000,1.0,1.0,1.3,0.19299375899867383,0.002926000131902302,0.249188832133045,0.2673078291180224,0.28653791696743675,-0.09864778220236728,0.6107333333333334
calibrated,1000,1.0,1.0,1.4,0.1971675604457531,0.002967400758090661,0.250348778312164,0.26700322520513087,0.28483153832655017,-0.11259795101003744,0.6202666666666666
calibrated,1000,1.0,1.0,1.5,0.200146434320044,0.0030002428301607784,0.2504861027201895,0.265900542658987,0.28243994200007533,-0.12882902288146836,0.6293333333333333
calibrated,1000,1.0,1.0,1.6,0.2021042912305204,0.003025864487756494,0.2497702784569814,0.2641835290137796,0.2793907032815167,-0.14461359267115664,0.6392666666666666
calibrated,1000,1.0,1.0,1.7,0.20329140545579386,0.0030456227797124357,0.248477496151807,0.2621276928730169,0.2761084048311427,-0.16104109719588736,0.6476666666666666
calibrated,1000,1.0,1.0,1.8,0.20369138368607764,0.0030596995795930467,0.2465377784107198,0.2594552660766231,0.27298569769408804,-0.17862542312955318,0.6563333333333333
calibrated,1000,1.0,1.0,1.9,0.2035023915707261,0.0030689000264260253,0.24420191729420546,0.25622531639315804,0.26914209244876264,-0.1974101289710582,0.6647333333333333
calibrated,1000,1.0,1.0,2.0,0.20279260740325342,0.0030740304609970692,0.24159647837963658,0.2528666881707382,0.2647257884638683,-0.2160755191117904,0.6728666666666666
calibrated,1000,1.0,1.0,2.1,0.20158388696888127,0.0030756790846579517,0.23867505970097833,0.24937841179155826,0.2607164858679492,-0.2355919635121858,0.6800666666666667
calibrated,1000,1.0,1.0,2.2,0.20001912236142166,0.0030743299870820704,0.2355616656725774,0.24571955140179974,0.2563590777723591,-0.2545553823728846,0.6868666666666666
calibrated,1000,1.0,1.0,2.3,0.1980258122288187,0.0030702317699374294,0.2320568204942774,0.24175813765066165,0.25169951152064374,-0.27408453928494797,0.6953333333333334
calibrated,1000,1.0,1.0,2.4,0.19567169336053114,0.0030636332122469987,0.22828931540634656,0.23764224528878106,0.2470763781080363,-0.29397568702231297,0.7024
calibrated,1000,1.0,1.0,2.5,0.19302587872876942,0.003055159183137282,0.22420002178288032,0.23342822958496331,0.24228782062498933,-0.31456797875553044,0.7106
calibrated,1000,1.5,0.0,0.0,0.0032025028619792066,0.0002929538778086382,0.01252002152726038,0.024380866581789236,0.057671611998617915,0.009892217678071087,0.44406666666666667
calibrated,1000,1.5,0.0,0.1,0.00764697644108487,0.00045002161077147836,0.028079746412593094,0.049930877859782764,0.09854824766853663,0.009154721933514074,0.45293333333333335
calibrated,1000,1.5,0.0,0.2,0.024222790361242603,0.000890890835983947,0.06647803305902554,0.09957619070250943,0.1567167315196661,0.007256356734642779,0.46846666666666664
calibrated,1000,1.5,0.0,0.3,0.04771851316926108,0.00131363892268574,0.10890413168002328,0.14810201994368366,0.2052781382935297,0.004251114886810636,0.4852666666666667
calibrated,1000,1.5,0.0,0.4,0.07386011780300401,0.001677842688537731,0.14781637794201172,0.18770674165169,0.24032150525264356,0.0003697361560306974,0.4988666666666667
calibrated,1000,1.5,0.0,0.5,0.09904696173633516,0.00197827695017289,0.17876154844546727,0.21714875655345692,0.2647165945985766,-0.0049649099694789416,0.5135333333333333
calibrated,1000,1.5,0.0,0.6,0.12158856609878274,0.0022171881870981483,0.20344145352193116,0.23950689936753178,0.28141739259110643,-0.011093688564613508,0.5256
calibrated,1000,1.5,0.0,0.7,0.1411322770556065,0.0024079475948184654,0.2220404180778508,0.2551739649766972,0.29226448183136955,-0.01920234946434263,0.5370666666666667
calibrated,1000,1.5,0.0,0.8,0.15751924915688864,0.002560670812852544,0.23595702210771602,0.2661906628305145,0.29897782432386616,-0.028666163161176976,0.5502666666666667
calibrated,1000,1.5,0.0,0.9,0.17089031839819668,0.002682104952883559,0.24580783607387216,0.27327175507380175,0.30307214167495955,-0.0388048307633556,0.5617333333333333
calibrated,1000,1.5,0.0,1.0,0.18163038016634336,0.002779050302993991,0.2527951659339237,0.2779381827522846,0.3049130772135652,-0.04964292496438909,0.5736
calibrated,1000,1.5,0.0,1.1,0.19023146425379836,0.0028562609264159693,0.25792068395452517,0.2812413589391642,0.3056036759006498,-0.0613495927823248,0.583
calibrated,1000,1.5,0.0,1.2,0.1970317717171579,0.0029185352057752665,0.2610688467240982,0.2824300399312783,0.3045261344358168,-0.07364367131499044,0.5936666666666667
calibrated,1000,1.5,0.0,1.3,0.20218174260370086,0.002969025865349458,0.2624396752853748,0.28202242646545345,0.3023552683946105,-0.0873784646628176,0.6025333333333334
calibrated,1000,1.5,0.0,1.4,0.2058311440131389,0.00300866565101884,0.26255125257634143,0.28062939879073484,0.2993537927115414,-0.10329024466990505,0.6125333333333334
calibrated,1000,1.5,0.0,1.5,0.20828703925208392,0.0030395165514268308,0.26179773614417007,0.2786874086179257,0.2961472864117282,-0.11861385991451343,0.6215333333333334
calibrated,1000,1.5,0.0,1.6,0.20978207485509293,0.0030634286473205574,0.2602213049519003,0.27602289758903004,0.2921637565937304,-0.1352287361108,0.6287333333333334
calibrated,1000,1.5,0.0,1.7,0.21044262168178254,0.0030811639127229077,0.2581770884998858,0.2732010529358789,0.288113755683957,-0.1525645952901581,0.6381333333333333
calibrated,1000,1.5,0.0,1.8,0.2103768682022599,0.003093706395389781,0.2555297799542426,0.26975569978998626,0.2841693107833119,-0.16981033934794976,0.6461333333333333
calibrated,1000,1.5,0.0,1.9,0.20970231238587198,0.0031018765401411037,0.25237457699596527,0.26577844138978063,0.27976031785474637,-0.18831498776188557,0.6558
calibrated,1000,1.5,0.0,2.0,0.20853661423368974,0.003106232406412019,0.2488146784192897,0.26133991270573526,0.2746281818969166,-0.20740395740700124,0.6644
calibrated,1000,1.5,0.0,2.1,0.2069724513967891,0.003107129096017573,0.2450584056455047,0.25687093458884136,0.26919099264940216,-0.22620036507761465,0.6732666666666667
calibrated,1000,1.5,0.0,2.2,0.20501597149423673,0.003104903834987732,0.24104358049114935,0.2522447630530565,0.26413066003726304,-0.2460811089741572,0.6822666666666667
calibrated,1000,1.5,0.0,2.3,0.2027853310255982,0.003099903431520332,0.236888643656331,0.24726772007795747,0.25859744644665345,-0.26610170790220466,0.6909333333333333
calibrated,1000,1.5,0.0,2.4,0.20028725543994216,0.0030926025835737794,0.23269612305896087,0.24243580658218153,0.2531087989040507,-0.2860774587723916,0.6992666666666667
calibrated,1000,1.5,0.0,2.5,0.19759576419482056,0.0030831357033162944,0.2284029056601215,0.23742001254185957,0.2472933436345582,-0.30708338511266886,0.7063333333333334
calibrated,1000,1.5,1.0,0.0,0.00032381142315677315,7.429826611559168e-05,0.001789660306657575,0.0041779414402803,0.01405763785432893,0.002930746234421234,0.49046666666666666
calibrated,1000,1.5,1.0,0.1,0.003804656496075438,0.00031841521085753695,0.014220595398141586,0.02595510745257106,0.05489161997468133,0.0019363750893521177,0.49366666666666664
calibrated,1000,1.5,1.0,0.2,0.0188975365487913,0.00079791939497237,0.051108221261915686,0.07658934540032274,0.12243496759332641,-0.0004460399105972784,0.5014
calibrated,1000,1.5,1.0,0.3,0.04208836399334924,0.0012493447449014466,0.09388672053294775,0.12665410820087772,0.1769816112856235,-0.0043757000432657085,0.5102666666666666
calibrated,1000,1.5,1.0,0.4,0.0676537306769547,0.0016307356935668328,0.1320730877505273,0.16703314641724568,0.21464608166844598,-0.00840710481057554,0.5192
calibrated,1000,1.5,1.0,0.5,0.0919510892538909,0.0019343925551758513,0.16298159071421825,0.19751457882578552,0.2407232989002233,-0.015369412477975184,0.5284666666666666
calibrated,1000,1.5,1.0,0.6,0.11362854349787913,0.002173521646209453,0.18737617446109833,0.22006053423968708,0.25864526882557826,-0.02171601454678868,0.5388
calibrated,1000,1.5,1.0,0.7,0.13248082855147886,0.0023628478860928197,0.20641884092787388,0.236569797735209,0.27140596802606565,-0.02914425806649924,0.5494
calibrated,1000,1.5,1.0,0.8,0.1484864869429041,0.002513854573814621,0.22101772040418055,0.24886612815248663,0.28030454233958013,-0.03740887458068726,0.5584
calibrated,1000,1.5,1.0,0.9,0.16183804871838214,0.0026348790285998535,0.23201311273636607,0.25777292725753564,0.2865931454715422,-0.047144975029711406,0.5680666666666667
calibrated,1000,1.5,1.0,1.0,0.17282639916201492,0.002733641377648882,0.2401040824438294,0.2640794289705655,0.2902330707616781,-0.0579561241388156,0.5775333333333333
calibrated,1000,1.5,1.0,1.1,0.18162376326267496,0.002812521394466832,0.24583818342872724,0.2678768790223554,0.2916258670633191,-0.06939054420304477,0.5876
calibrated,1000,1.5,1.0,1.2,0.18860946658672012,0.002876077470831631,0.24958998795909249,0.2698510726687753,0.29175271246296935,-0.0818503169587742,0.597
calibrated,1000,1.5,1.0,1.3,0.19407462011707832,0.0029275931389227926,0.251841145600766,0.27053272883801055,0.29050790396051157,-0.09563591438296562,0.6062666666666666
calibrated,1000,1.5,1.0,1.4,0.19812365400401977,0.002968989872586555,0.25270786454668537,0.2700335865495048,0.28856445889622856,-0.11088900238141283,0.6161333333333333
calibrated,1000,1.5,1.0,1.5,0.20103712134304247,0.003001675373650547,0.25259620665133803,0.26866768347182596,0.2856523314503229,-0.12699482634714152,0.6262
calibrated,1000,1.5,1.0,1.6,0.2029900069869287,0.003027395251982566,0.2517187482011672,0.26669891014887503,0.28236039965009485,-0.1426118361813375,0.6348
calibrated,1000,1.5,1.0,1.7,0.20410924415156273,0.003046595021044393,0.2503234751327784,0.26436305830337237,0.2790791734173879,-0.15928103718069175,0.6436
calibrated,1000,1.5,1.0,1.8,0.20456788819666272,0.0030611030646884563,0.24834298351385178,0.26149391838671626,0.27518654290919203,-0.1767925589654353,0.6530666666666667
calibrated,1000,1.5,1.0,1.9,0.204336724398482,0.003070355100815453,0.24593905893247792,0.2582408664644387,0.27123426548658514,-0.1944942954120657,0.661
calibrated,1000,1.5,1.0,2.0,0.20354391089182902,0.003075406950804367,0.24323021692687571,0.2547205033066091,0.26702327591285374,-0.2132078259931763,0.6694
calibrated,1000,1.5,1.0,2.1,0.2022724032201833,0.0030770715019872953,0.24018720546341352,0.2510652073101638,0.2623840461376571,-0.2322118773698334,0.6770666666666667
calibrated,1000,1.5,1.0,2.2,0.2005730267428925,0.0030756907635328986,0.2368433499640379,0.247406267847814,0.2578270749840839,-0.25202274715553896,0.6839333333333333
calibrated,1000,1.5,1.0,2.3,0.1985046244671983,0.0030717148648978735,0.23305814005817427,0.24326076671821792,0.25346959203113245,-0.2714754935604169,0.6919333333333333
calibrated,1000,1.5,1.0,2.4,0.19611846158310797,0.0030652066784072,0.2290098722928058,0.2386851696732791,0.24882951303507844,-0.2918135986182366,0.6997333333333333
calibrated,1000,1.5,1.0,2.5,0.19347887328674315,0.0030566897628048427,0.224807737496571,0.2340004075661053,0.2435029992780053,-0.31276127033539397,0.7080666666666666
wild,300,1.0,0.0,0.0,1.5597469890432848e-25,9.860375823234623e-26,3.567988959601948e-22,1.2947822644254455e-19,8.613893691967937e-15,0.007555089122021595,0.4358
wild,300,1.0,0.0,0.1,3.18896734135841e-05,1.2219024177994338e-05,0.00032374638398946666,0.0009706089043710205,0.004861147917305315,0.006761054757056075,0.4534
wild,300,1.0,0.0,0.2,0.0006666774726967281,0.00012226060996679543,0.003259067630932153,0.0076877569203142515,0.0269384760563782,0.004995266470893841,0.4736666666666667
wild,300,1.0,0.0,0.3,0.002375359730293425,0.00024942172487130707,0.010063510850305511,0.020899667225830358,0.05700469167694863,0.002168555908554793,0.49193333333333333
wild,300,1.0,0.0,0.4,0.0053982513846610285,0.0003889199029309058,0.020217454648112608,0.038457578720236106,0.0895545172899371,-0.001709468352459753,0.5062
wild,300,1.0,0.0,0.5,0.009691607562701684,0.0005385156803003867,0.032947429617646094,0.05841285184430918,0.11998285184556445,-0.0076651549892562225,0.5204666666666666
wild,300,1.0,0.0,0.6,0.015056817992181957,0.0006882981640411914,0.04706304751117804,0.07844771311064654,0.14606985580635337,-0.014599015004868831,0.5334
wild,300,1.0,0.0,0.7,0.021239528327553804,0.0008334770289132514,0.06157552602998563,0.09738165608109547,0.16762904917325314,-0.022170158727591854,0.5464666666666667
wild,300,1.0,0.0,0.8,0.027945636448689654,0.0009722069710958669,0.07553720079054985,0.11440510014401624,0.1849752576512924,-0.030510503268446607,0.5572666666666667
wild,300,1.0,0.0,0.9,0.03487583660348079,0.0011026649047562711,0.08859678258819915,0.1294644681368064,0.19832807194066204,-0.04034715087169133,0.5682666666666667
wild,300,1.0,0.0,1.0,0.04181552691739849,0.0012237836861579928,0.10050782497405403,0.14227515654322526,0.20861734342831942,-0.05204360765834089,0.5792666666666667
wild,300,1.0,0.0,1.1,0.048589318676226394,0.001335165423288361,0.11110188292432703,0.15296581464841277,0.2163708443055409,-0.06414447442583521,0.5893333333333334
wild,300,1.0,0.0,1.2,0.05506677694415336,0.0014368106885705519,0.1203747141814038,0.16177871551527442,0.22214010337066387,-0.0771106844011155,0.5979333333333333
wild,300,1.0,0.0,1.3,0.06116535021994227,0.0015290168555285924,0.1283776448332878,0.1689106721829904,0.22622143241636006,-0.09118662533852999,0.6075333333333334
wild,300,1.0,0.0,1.4,0.06682768146863026,0.0016123372275947772,0.13516566036604655,0.17455762156670027,0.22891738893916613,-0.10565522157561635,0.6158666666666667
wild,300,1.0,0.0,1.5,0.07201831410366538,0.0016873340700167252,0.1408240848764769,0.17889889094748027,0.23047151235001856,-0.12142991573747011,0.6246
wild,300,1.0,0.0,1.6,0.07672175589569391,0.001754604730241363,0.14544946917027643,0.1821369545901204,0.23104701226479668,-0.13713679398686032,0.6332666666666666
wild,300,1.0,0.0,1.7,0.08093692074471832,0.0018147659135902606,0.1491532534428353,0.18443936264006652,0.23078999740807052,-0.15448898125234223,0.6414666666666666
wild,300,1.0,0.0,1.8,0.08467403146766575,0.0018684006922643729,0.1520423457718508,0.18593369330306855,0.22982162627178743,-0.17148247562985136,0.6500666666666667
wild,300,1.0,0.0,1.9,0.08795103371352835,0.0019160512409563172,0.15421053181491648,0.1867225548428258,0.228257387767758,-0.18992249740234668,0.6602
wild,300,1.0,0.0,2.0,0.09079051504884185,0.0019582210760340775,0.15573911809673047,0.18689480409379008,0.226234568803874,-0.20861808018348932,0.6681333333333334
wild,300,1.0,0.0,2.1,0.09321760090417987,0.001995375266092713,0.156701538739107,0.186528405881107,0.22385756805776416,-0.2276656336756732,0.6770666666666667
wild,300,1.0,0.0,2.2,0.09525854446432727,0.0020279405569542707,0.15716518699763624,0.18569930178053642,0.22115511638741478,-0.2479222684887225,0.685
wild,300,1.0,0.0,2.3,0.09693989864446576,0.0020563061894767667,0.15718910538705508,0.18447507379357958,0.21817796600602643,-0.2675237189816474,0.6943333333333334
wild,300,1.0,0.0,2.4,0.09828799963634928,0.002080825753199332,0.15682677992701632,0.18291179240254868,0.2150004444419478,-0.28810317466731894,0.7016
wild,300,1.0,0.0,2.5,0.0993283881101797,0.0021018205332423803,0.1561243375902832,0.18106439443560388,0.21162954909283055,-0.3081257196311079,0.7089333333333333
wild,300,1.0,1.0,0.0,3.288762589489891e-25,5.783708027898805e-26,8.410398351834665e-22,3.4235077541543072e-19,3.078965966980391e-14,0.00012284832015408784,0.4996
wild,300,1.0,1.0,0.1,2.999188991370919e-05,1.1772777049663042e-05,0.00026490816186914754,0.0006436509387500093,0.0022896194234332625,-0.00012131580737725792,0.5005333333333334
wild,300,1.0,1.0,0.2,0.0006066815155344231,0.00012351227460519114,0.00260271708020283,0.005632857350686253,0.017278734241044796,-0.0031823762694469593,0.5088
wild,300,1.0,1.0,0.3,0.002169575718352065,0.0002456289047250132,0.008598257620415658,0.017174428895914827,0.04510014901918481,-0.006562874366844005,0.5186
wild,300,1.0,1.0,0.4,0.005042710753013832,0.0003806915955884566,0.018412563622670547,0.03430382641153014,0.0767440994312112,-0.011129773351870181,0.5282
wild,300,1.0,1.0,0.5,0.009261777178121586,0.0005280235329160799,0.030994338998052883,0.05382106300623488,0.10582043243198036,-0.016974950173750225,0.5383333333333333
wild,300,1.0,1.0,0.6,0.014597687372373377,0.0006785995164989627,0.04487391335642745,0.0731914108747723,0.13104759855928189,-0.02406631307133487,0.5460666666666667
wild,300,1.0,1.0,0.7,0.02072459268935369,0.0008256641113086674,0.058898519331072756,0.09123315454962576,0.1524469934785655,-0.0317488363218834,0.5538
wild,300,1.0,1.0,0.8,0.027318254248543856,0.0009655235703257665,0.07236759416716215,0.1075850426061922,0.1704103071040009,-0.03912231198258778,0.5644666666666667
wild,300,1.0,1.0,0.9,0.03411023727535828,0.001096283995010011,0.08497627305060036,0.12215518182430533,0.18473429112706632,-0.04761594927146431,0.5735333333333333
wild,300,1.0,1.0,1.0,0.040893224186123504,0.001217075123665287,0.0964918262567336,0.13473159151757602,0.19594557059405382,-0.05810384710052063,0.5831333333333333
wild,300,1.0,1.0,1.1,0.04751740311762329,0.0013277545492730556,0.10682781706487367,0.14540975042645016,0.2048936351349139,-0.07101512763243426,0.5933333333333334
wild,300,1.0,1.0,1.2,0.05386180925639604,0.0014287613788625398,0.11587480901283703,0.15427864854499243,0.21169152203459168,-0.0837767303143018,0.602
wild,300,1.0,1.0,1.3,0.05982491558951988,0.0015203429836793522,0.12369386838093212,0.16156252252922432,0.2166801842255036,-0.09864778220236728,0.6107333333333334
wild,300,1.0,1.0,1.4,0.06536471028644321,0.0016030190999998686,0.13039545642195804,0.16745188766614247,0.22015712338508694,-0.11259795101003744,0.6202666666666666
wild,300,1.0,1.0,1.5,0.07044726806944561,0.0016774584804009228,0.13600442644625013,0.1720612757616317,0.22245162779730512,-0.12882902288146836,0.6293333333333333
wild,300,1.0,1.0,1.6,0.0750566252459931,0.0017442625693971892,0.14063754963900707,0.17560244234044586,0.2236644072862359,-0.14461359267115664,0.6392666666666666
wild,300,1.0,1.0,1.7,0.07919460165154811,0.0018040184946546225,0.14440174738500625,0.17822481270766868,0.22403822942155788,-0.16104109719588736,0.6476666666666666
wild,300,1.0,1.0,1.8,0.08287388574458439,0.0018572919786555642,0.14740242697837888,0.18004210623759434,0.22358111100750064,-0.17862542312955318,0.6563333333333333
wild,300,1.0,1.0,1.9,0.08611133846763615,0.0019046285289188102,0.14970282008549662,0.18110258825045472,0.22245391996012903,-0.1974101289710582,0.6647333333333333
wild,300,1.0,1.0,2.0,0.08892710253405178,0.0019465386845989264,0.1513731459160271,0.18151150260224283,0.22081053321496302,-0.2160755191117904,0.6728666666666666
wild,300,1.0,1.0,2.1,0.09134415217650818,0.0019834905219666544,0.15248569204957538,0.18138054740657095,0.2187553759887701,-0.2355919635121858,0.6800666666666667
wild,300,1.0,1.0,2.2,0.09338742409226261,0.002015908488377022,0.15311295925441146,0.18080843963023235,0.21629680256008865,-0.2545553823728846,0.6868666666666666
wild,300,1.0,1.0,2.3,0.09508377444491208,0.002044174119159781,0.15332541126122642,0.17987598449814052,0.21346196828936506,-0.27408453928494797,0.6953333333333334
wild,300,1.0,1.0,2.4,0.09645963292662746,0.0020686396878956846,0.1531593768137344,0.17858135846145642,0.21030361642615963,-0.29397568702231297,0.7024
wild,300,1.0,1.0,2.5,0.0975367813797356,0.002089635026993121,0.15263888798621608,0.1769626169261178,0.2069659689159661,-0.31456797875553044,0.7106
wild,300,1.5,0.0,0.0,8.82209873734119e-06,3.7947129003802065e-06,0.0001558860247260897,0.000734095088125721,0.006556515319729052,0.009892217678071087,0.44406666666666667
wild,300,1.5,0.0,0.1,4.818747175187853e-05,1.4914147193268294e-05,0.0005416739566993706,0.0019530500197358787,0.01364178412635942,0.009154721933514074,0.45293333333333335
wild,300,1.5,0.0,0.2,0.0006960034641179909,0.0001221821587342024,0.0037882452730111375,0.009700214529694136,0.03706423914176062,0.007256356734642779,0.46846666666666664
wild,300,1.5,0.0,0.3,0.0025026045948386842,0.0002515791781865255,0.010998800443638415,0.02350376216433764,0.06735036271150624,0.004251114886810636,0.4852666666666667
wild,300,1.5,0.0,0.4,0.005605361985107806,0.0003946441559408159,0.021390088479752524,0.04151608509515712,0.09876620572124678,0.0003697361560306974,0.4988666666666667
wild,300,1.5,0.0,0.5,0.009937559923760386,0.000544332490023494,0.03425616082031315,0.061550175513692275,0.12795195828577888,-0.0049649099694789416,0.5135333333333333
wild,300,1.5,0.0,0.6,0.015330263910359389,0.0006929963129778736,0.048530119167092226,0.08174855380124418,0.152488540874294,-0.011093688564613508,0.5256
wild,300,1.5,0.0,0.7,0.02153259722314794,0.000837305583893967,0.06309886492134135,0.10043580852078202,0.17294413463680117,-0.01920234946434263,0.5370666666666667
wild,300,1.5,0.0,0.8,0.028243315549984604,0.0009751061626061033,0.07708363499753886,0.11717747856351217,0.18965753023580334,-0.028666163161176976,0.5502666666666667
wild,300,1.5,0.0,0.9,0.03519506098641147,0.0011048431301141476,0.09014423519703056,0.13191171398051466,0.20260070986125478,-0.0388048307633556,0.5617333333333333
wild,300,1.5,0.0,1.0,0.042156949418461376,0.0012255892471884561,0.10196319351901773,0.1444366219726092,0.21258635393330794,-0.04964292496438909,0.5736
wild,300,1.5,0.0,1.1,0.04894534686367725,0.0013368194715213785,0.1124511574913664,0.15491884108873766,0.22010032065091548,-0.0613495927823248,0.583
wild,300,1.5,0.0,1.2,0.05543200800707981,0.0014384062143444312,0.12162130592119925,0.163565034977322,0.2257556747032085,-0.07364367131499044,0.5936666666666667
wild,300,1.5,0.0,1.3,0.06153767941492551,0.0015306088412858094,0.129543504503755,0.1706176453037097,0.2298279742555813,-0.0873784646628176,0.6025333333333334
wild,300,1.5,0.0,1.4,0.06721950238679603,0.0016140554888999109,0.13628196645755486,0.17619315374694827,0.23233558766475015,-0.10329024466990505,0.6125333333333334
wild,300,1.5,0.0,1.5,0.07242049440322632,0.0016892678670860585,0.14187293663651485,0.18045768845162408,0.233655022236012,-0.11861385991451343,0.6215333333333334
wild,300,1.5,0.0,1.6,0.0771268224314434,0.0017567272337933755,0.146432831804429,0.1836199041574289,0.23403102905006026,-0.1352287361108,0.6287333333333334
wild,300,1.5,0.0,1.7,0.0813398966243922,0.0018170535339513292,0.15007585210406585,0.1858538803914539,0.23353841982302845,-0.1525645952901581,0.6381333333333333
wild,300,1.5,0.0,1.8,0.08507116176430694,0.0018708265411051263,0.1529123562319716,0.1872849038347823,0.23231796344388664,-0.16981033934794976,0.6461333333333333
wild,300,1.5,0.0,1.9,0.08833984004940515,0.0019185826832971802,0.15503510981918361,0.1880041113511584,0.23053509309408798,-0.18831498776188557,0.6558
wild,300,1.5,0.0,2.0,0.09116954167736982,0.001960825099715982,0.1565222550537487,0.1880965057304876,0.2282847326620498,-0.20740395740700124,0.6644
wild,300,1.5,0.0,2.1,0.09358600233628783,0.0019980239969063537,0.1574462479243375,0.18764837009844967,0.22561080245319007,-0.22620036507761465,0.6732666666666667
wild,300,1.5,0.0,2.2,0.09561573936479806,0.0020306135400595957,0.15787641245611048,0.18676938842143917,0.22262180520190641,-0.2460811089741572,0.6822666666666667
wild,300,1.5,0.0,2.3,0.09728527713050102,0.0020589903827274905,0.15786435179182037,0.18551266140056563,0.21945985578675783,-0.26610170790220466,0.6909333333333333
wild,300,1.5,0.0,2.4,0.09862125897239729,0.002083512826349472,0.15746024944813022,0.1839152292377828,0.2161344560533488,-0.2860774587723916,0.6992666666666667
wild,300,1.5,0.0,2.5,0.09964971004699892,0.002104504740584418,0.15671247513492229,0.18202231988729217,0.21265221184312078,-0.30708338511266886,0.7063333333333334
wild,300,1.5,1.0,0.0,1.1185564642431283e-06,6.447658193449702e-07,2.8173325183669173e-05,0.00014782232299081287,0.001238411905696879,0.002930746234421234,0.49046666666666666
wild,300,1.5,1.0,0.1,2.5626754866739126e-05,8.884475043268931e-06,0.00030120710933327025,0.0009674426829532866,0.004841742989744315,0.0019363750893521177,0.49366666666666664
wild,300,1.5,1.0,0.2,0.0006431348790771241,0.00012212747601666072,0.002996297731916339,0.006824616250934694,0.022779007740716114,-0.0004460399105972784,0.5014
wild,300,1.5,1.0,0.3,0.0023105668161301396,0.00024956098289871903,0.009410479109904769,0.019192644212836167,0.05147870180541348,-0.0043757000432657085,0.5102666666666666
wild,300,1.5,1.0,0.4,0.005274112784850701,0.00038784312542797266,0.019484324634016514,0.036618679826184775,0.0827895206266828,-0.00840710481057554,0.5192
wild,300,1.5,1.0,0.5,0.009548486740515982,0.0005353200252739116,0.032163612711575695,0.056126163879220994,0.111867316109672,-0.015369412477975184,0.5284666666666666
wild,300,1.5,1.0,0.6,0.014912292292381732,0.0006851426437614914,0.046069831109767125,0.07551374140242482,0.13686185453499236,-0.02171601454678868,0.5388
wild,300,1.5,1.0,0.7,0.021050084953959273,0.000831212184188235,0.06011313226768228,0.09362766464660502,0.1575916743940924,-0.02914425806649924,0.5494
wild,300,1.5,1.0,0.8,0.02766162098295973,0.0009701587994756464,0.07367339598429563,0.11000724976433389,0.17467322037005312,-0.03740887458068726,0.5584
wild,300,1.5,1.0,0.9,0.034475854116784076,0.0011003823481141942,0.08628976773016894,0.12429376313140013,0.18855533840852598,-0.047144975029711406,0.5680666666666667
wild,300,1.5,1.0,1.0,0.0412756648952576,0.0012209018421163065,0.09774129371091334,0.13661552778678518,0.19973722052804616,-0.0579561241388156,0.5775333333333333
wild,300,1.5,1.0,1.1,0.04790213248497103,0.0013314017598785254,0.10797263225265155,0.14708959672523872,0.2080385049158425,-0.06939054420304477,0.5876
wild,300,1.5,1.0,1.2,0.054234947292470845,0.001432073391116055,0.11692563324546304,0.15577517159033485,0.2143268106986145,-0.0818503169587742,0.597
wild,300,1.5,1.0,1.3,0.060189830756585835,0.0015233626774578072,0.1246494175923289,0.16289897338153203,0.21900144761886856,-0.09563591438296562,0.6062666666666666
wild,300,1.5,1.0,1.4,0.06571915453550838,0.001605817663146438,0.13126514083790983,0.16870120931922963,0.2222415084589019,-0.11088900238141283,0.6161333333333333
wild,300,1.5,1.0,1.5,0.070792632335735,0.0016800847916724514,0.1368058121629499,0.17322748766421572,0.22419529029883536,-0.12699482634714152,0.6262
wild,300,1.5,1.0,1.6,0.07539161751993506,0.001746767245589685,0.1413748996665009,0.17669443591823222,0.2252353838491687,-0.1426118361813375,0.6348
wild,300,1.5,1.0,1.7,0.07951949088529377,0.0018064346474444164,0.1450915279832065,0.17925032546518996,0.22533581590233526,-0.15928103718069175,0.6436
wild,300,1.5,1.0,1.8,0.08319005529375359,0.0018596436226557711,0.14805456253460647,0.18102276651835247,0.2248391058568039,-0.1767925589654353,0.6530666666666667
wild,300,1.5,1.0,1.9,0.08643072981510455,0.00190699431822544,0.15032923854678187,0.18205279144609177,0.22363045205558307,-0.1944942954120657,0.661
wild,300,1.5,1.0,2.0,0.08924397020987514,0.0019489900264313459,0.15196015117480813,0.18243829204396397,0.2219016096264997,-0.2132078259931763,0.6694
wild,300,1.5,1.0,2.1,0.09165386558874955,0.0019860122559247117,0.15303232706177375,0.18227756741822973,0.21977268940279815,-0.2322118773698334,0.6770666666666667
wild,300,1.5,1.0,2.2,0.09368757832160751,0.0020184835816433886,0.15361439327484963,0.1816692336799234,0.21726918424281563,-0.25202274715553896,0.6839333333333333
wild,300,1.5,1.0,2.3,0.09537205225969242,0.0020467925599437276,0.15376993199359668,0.18068642354030384,0.21445261031944945,-0.2714754935604169,0.6919333333333333
wild,300,1.5,1.0,2.4,0.09673477482164332,0.002071289084836187,0.15354796057459863,0.17934665923081003,0.21132267871546814,-0.2918135986182366,0.6997333333333333
wild,300,1.5,1.0,2.5,0.09779910593208262,0.0020923030561374486,0.15297000021131824,0.17767547443832019,0.2080069226939073,-0.31276127033539397,0.7080666666666666
wild,500,1.0,0.0,0.0,1.4512516021259474e-39,1.011623996410611e-39,9.055789010986836e-36,9.129698532278947e-33,8.466944837566514e-27,0.007555089122021595,0.4358
wild,500,1.0,0.0,0.1,5.068672226970224e-06,2.721366137648983e-06,7.703962241686896e-05,0.000278843279499169,0.001322194705514265,0.006761054757056075,0.4534
wild,500,1.0,0.0,0.2,0.00029993051231375875,7.782985046805866e-05,0.0013720965220531582,0.0030224572453070174,0.010178411478028223,0.004995266470893841,0.4736666666666667
wild,500,1.0,0.0,0.3,0.0011873623032788957,0.0001834450658595214,0.00475051119373357,0.009718688828968463,0.026924026051399198,0.002168555908554793,0.49193333333333333
wild,500,1.0,0.0,0.4,0.0028701967304830367,0.00028844259406268807,0.01053309720817227,0.019883168883354816,0.04838778976821417,-0.001709468352459753,0.5062
wild,500,1.0,0.0,0.5,0.005452039787089741,0.00040654032002068746,0.018345445435397154,0.032896928628307176,0.07178045613505511,-0.0076651549892562225,0.5204666666666666
wild,500,1.0,0.0,0.6,0.008860456239174553,0.00053122235399045,0.02781179962686036,0.047546294324139,0.094412268920904,-0.014599015004868831,0.5334
wild,500,1.0,0.0,0.7,0.01297778052196732,0.0006554857335904218,0.038371788762312335,0.06266155659954975,0.1150928285556509,-0.022170158727591854,0.5464666666666667
wild,500,1.0,0.0,0.8,0.01767039202238196,0.0007762783245702635,0.049343918278408005,0.07714783317182984,0.13331916894553333,-0.030510503268446607,0.5572666666666667
wild,500,1.0,0.0,0.9,0.022754385541063456,0.0008922387612284656,0.060128610376729785,0.09065267148425375,0.14900311430550833,-0.04034715087169133,0.5682666666666667
wild,500,1.0,0.0,1.0,0.02805917307206683,0.001002504983972039,0.07044239405948528,0.10301879162107674,0.16174521162242508,-0.05204360765834089,0.5792666666666667
wild,500,1.0,0.0,1.1,0.03343588222277026,0.0011064072876212155,0.08007518657924702,0.11401385779293961,0.17205016830334371,-0.06414447442583521,0.5893333333333334
wild,500,1.0,0.0,1.2,0.03875803267523068,0.0012034829482521399,0.08889280289359135,0.12361473322451434,0.18026419296145266,-0.0771106844011155,0.5979333333333333
wild,500,1.0,0.0,1.3,0.04392806438906503,0.0012934802131180866,0.09685377953885796,0.13187674242620495,0.18667408591688484,-0.09118662533852999,0.6075333333333334
wild,500,1.0,0.0,1.4,0.0488747828703016,0.001376386815913152,0.10392942438483153,0.13884800988760815,0.19155007412891845,-0.10565522157561635,0.6158666666666667
wild,500,1.0,0.0,1.5,0.05354299867148685,0.001452375771849311,0.11012998967647124,0.1446257940639128,0.19512175525555897,-0.12142991573747011,0.6246
wild,500,1.0,0.0,1.6,0.057896050684294764,0.0015216881320711736,0.11548508934836813,0.14929834992268748,0.19764725457354368,-0.13713679398686032,0.6332666666666666
wild,500,1.0,0.0,1.7,0.06191183842224401,0.0015846506500740013,0.12003437273958925,0.15299223656061461,0.19927559653266663,-0.15448898125234223,0.6414666666666666
wild,500,1.0,0.0,1.8,0.06557905347365825,0.0016416483220141388,0.12383407167881381,0.1558348463456838,0.20012131188703233,-0.17148247562985136,0.6500666666666667
wild,500,1.0,0.0,1.9,0.06889515329076991,0.0016930800984087913,0.12694820311928046,0.1579350355139718,0.200276831963522,-0.18992249740234668,0.6602
wild,500,1.0,0.0,2.0,0.07186439637352775,0.001739336703934418,0.12944085092403365,0.15938329636216395,0.19983029233722063,-0.20861808018348932,0.6681333333333334
wild,500,1.0,0.0,2.1,0.0744959863538921,0.0017807921775731025,0.13137226904105104,0.1602581414837259,0.19885602315162712,-0.2276656336756732,0.6770666666666667
wild,500,1.0,0.0,2.2,0.07680256396546271,0.0018178002012533986,0.13279777984611754,0.16062843504310814,0.19743730378230126,-0.2479222684887225,0.685
wild,500,1.0,0.0,2.3,0.07879907581093819,0.001850692296223797,0.13376841320794014,0.16055469799577057,0.19564509972784888,-0.2675237189816474,0.6943333333333334
wild,500,1.0,0.0,2.4,0.08050191755642187,0.0018797772225146209,0.13433102471408986,0.16009139814054987,0.1935382595106944,-0.28810317466731894,0.7016
wild,500,1.0,0.0,2.5,0.08192830378510543,0.0019053411921088627,0.13452834409707543,0.1592842079089906,0.191183572487845,-0.3081257196311079,0.7089333333333333
wild,500,1.0,1.0,0.0,8.334158799475092e-40,2.636705546858997e-40,5.703630617832399e-36,6.3170420093199e-33,7.466060020137623e-27,0.00012284832015408784,0.4996
wild,500,1.0,1.0,0.1,4.866083813593899e-06,2.4111174307415617e-06,7.574946173366681e-05,0.0002549324911807654,0.0008259457794544108,-0.00012131580737725792,0.5005333333333334
wild,500,1.0,1.0,0.2,0.0002979494130137578,8.03916934164135e-05,0.0012054535379023665,0.0024650594111289164,0.007303179890366406,-0.0031823762694469593,0.5088
wild,500,1.0,1.0,0.3,0.0011339888583367355,0.00018341948792155097,0.004247596243415155,0.008372517284163626,0.021820045926363107,-0.006562874366844005,0.5186
wild,500,1.0,1.0,0.4,0.0027263197557469993,0.00028582890671584625,0.009758359470598688,0.0182013084824795,0.0428693809530069,-0.011129773351870181,0.5282
wild,500,1.0,1.0,0.5,0.0052306142527274915,0.0004001610815811995,0.017530868296943627,0.031070270364868414,0.06567351377509957,-0.016974950173750225,0.5383333333333333
wild,500,1.0,1.0,0.6,0.008610316697652476,0.0005229476130454133,0.0269711957454826,0.045497961058281536,0.0873373336703209,-0.02406631307133487,0.5460666666666667
wild,500,1.0,1.0,0.7,0.012722268243333118,0.0006476515700538154,0.03735839418598934,0.06010144345422912,0.10693123609743745,-0.0317488363218834,0.5538
wild,500,1.0,1.0,0.8,0.017384818926786966,0.0007697387588784477,0.04801993812348146,0.07407387874019611,0.12430830937458802,-0.03912231198258778,0.5644666666666667
wild,500,1.0,1.0,0.9,0.02241175345503531,0.000886817527099981,0.058488585889170136,0.08712103373441286,0.13950338378573818,-0.04761594927146431,0.5735333333333333
wild,500,1.0,1.0,1.0,0.027634548328609204,0.0009976714781701629,0.06849276572231872,0.0990318525993439,0.15227944944443544,-0.05810384710052063,0.5831333333333333
wild,500,1.0,1.0,1.1,0.032914649113611805,0.0011016052544107389,0.07787118242790983,0.10970823243290022,0.16280886468738634,-0.07101512763243426,0.5933333333333334
wild,500,1.0,1.0,1.2,0.03814505821130053,0.0011983648899096659,0.08647353353404834,0.11900215051680554,0.17136448281614305,-0.0837767303143018,0.602
wild,500,1.0,1.0,1.3,0.04322031703732505,0.0012878817478475353,0.09420510245479012,0.1270003436001019,0.17820172469459603,-0.09864778220236728,0.6107333333333334
wild,500,1.0,1.0,1.4,0.048071979102919736,0.0013702114020171122,0.10108940785445447,0.1338366947791916,0.18354237500388926,-0.11259795101003744,0.6202666666666666
wild,500,1.0,1.0,1.5,0.0526521683191558,0.001445598914586465,0.10712723131620602,0.13952283319201703,0.18758126062415365,-0.12882902288146836,0.6293333333333333
wild,500,1.0,1.0,1.6,0.05692436453763723,0.0015143768315027946,0.11234531142029032,0.1441844143360608,0.1905664442092189,-0.14461359267115664,0.6392666666666666
wild,500,1.0,1.0,1.7,0.06086707193747058,0.0015769030230530071,0.11679791614667293,0.14793961356058968,0.19263815993986194,-0.16104109719588736,0.6476666666666666
wild,500,1.0,1.0,1.8,0.0644701481207354,0.0016335491388157254,0.12054775794637534,0.15091020407766106,0.19388223812103172,-0.17862542312955318,0.6563333333333333
wild,500,1.0,1.0,1.9,0.06773214641439163,0.0016846922185792918,0.12365390705488162,0.1531703940041759,0.19432942354784205,-0.1974101289710582,0.6647333333333333
wild,500,1.0,1.0,2.0,0.07065765279097387,0.0017307081797702543,0.12616955221495996,0.15478953834986844,0.19411660677734793,-0.2160755191117904,0.6728666666666666
wild,500,1.0,1.0,2.1,0.07325566259550709,0.001771963593222051,0.1281463376733908,0.1558385056992799,0.19338639995932977,-0.2355919635121858,0.6800666666666667
wild,500,1.0,1.0,2.2,0.07553830563051131,0.001808808983046436,0.1296349030754376,0.1563903456844885,0.19225692504344866,-0.2545553823728846,0.6868666666666666
wild,500,1.0,1.0,2.3,0.0775200637201924,0.0018415739213248732,0.13068755025193465,0.15652146440523776,0.19080468553931051,-0.27408453928494797,0.6953333333333334
wild,500,1.0,1.0,2.4,0.07921744266646395,0.0018705641282818401,0.13135409167069567,0.15627601684362932,0.1890007497295715,-0.29397568702231297,0.7024
wild,500,1.0,1.0,2.5,0.08064703570846998,0.0018960657039883888,0.1316666234150512,0.15567105498986633,0.18690316101276652,-0.31456797875553044,0.7106
wild,500,1.5,0.0,0.0,6.773223575323469e-07,4.330144452209117e-07,1.770756339102927e-05,9.935173344432575e-05,0.0010525556135967775,0.009892217678071087,0.44406666666666667
wild,500,1.5,0.0,0.1,7.469786555539219e-06,3.4930850288203967e-06,0.00011388104825433533,0.00042978820327600205,0.0026995228802576057,0.009154721933514074,0.45293333333333335
wild,500,1.5,0.0,0.2,0.00030042646543160966,7.833089574275034e-05,0.001434486992045393,0.003411816608137404,0.01312426172595341,0.007256356734642779,0.46846666666666664
wild,500,1.5,0.0,0.3,0.001220177513386177,0.0001826433485085244,0.005059512668853614,0.010547980611807494,0.03052889678538091,0.004251114886810636,0.4852666666666667
wild,500,1.5,0.0,0.4,0.0029623645600686407,0.0002913621194820045,0.010950431478548192,0.02092584792881472,0.052613393834110005,0.0003697361560306974,0.4988666666666667
wild,500,1.5,0.0,0.5,0.005572859317518616,0.00041127118768263256,0.01882907246326055,0.03413018943317656,0.07602749410649469,-0.0049649099694789416,0.5135333333333333
wild,500,1.5,0.0,0.6,0.008989740717829117,0.0005355971404232952,0.028372799297367163,0.048929919642571824,0.09884563723706437,-0.011093688564613508,0.5256
wild,500,1.5,0.0,0.7,0.013113118974091741,0.0006589040294174955,0.03898104772821446,0.06417613996615061,0.11889959162151591,-0.01920234946434263,0.5370666666666667
wild,500,1.5,0.0,0.8,0.017799101312001887,0.000778843023110195,0.04998985974863048,0.07878024633629327,0.13653239276980925,-0.028666163161176976,0.5502666666666667
wild,500,1.5,0.0,0.9,0.022880920141688927,0.0008941198301537066,0.0608763533959738,0.09236009170264954,0.15169212445892108,-0.0388048307633556,0.5617333333333333
wild,500,1.5,0.0,1.0,0.028193623352937895,0.001003861657088376,0.0712704294858919,0.10461628513321078,0.16416592960986418,-0.04964292496438909,0.5736
wild,500,1.5,0.0,1.1,0.033582319446877375,0.0011074105596625423,0.08093234011352608,0.11546277395395331,0.1742703156665149,-0.0613495927823248,0.583
wild,500,1.5,0.0,1.2,0.038916869661349725,0.001204250171255002,0.0897520793124519,0.1249249656519877,0.18232789499289037,-0.07364367131499044,0.5936666666666667
wild,500,1.5,0.0,1.3,0.04409967264031808,0.0012940736813005643,0.09770116559245617,0.13306784370473967,0.18870184490464517,-0.0873784646628176,0.6025333333333334
wild,500,1.5,0.0,1.4,0.04906770892449278,0.0013768717314880038,0.10478258461438245,0.1399612287720306,0.193515996502578,-0.10329024466990505,0.6125333333333334
wild,500,1.5,0.0,1.5,0.053757597360494486,0.0014528770654068832,0.11095311474530266,0.1456486718187273,0.19701144270401832,-0.11861385991451343,0.6215333333333334
wild,500,1.5,0.0,1.6,0.058127872311956125,0.001522262925397216,0.11626465147256788,0.15024272901366026,0.19944886216929839,-0.1352287361108,0.6287333333333334
wild,500,1.5,0.0,1.7,0.06215729250138008,0.0015853335206849172,0.12076365370770802,0.15386834865134363,0.20099914564188834,-0.1525645952901581,0.6381333333333333
wild,500,1.5,0.0,1.8,0.06583461627473691,0.0016424640479417124,0.12451038816436125,0.15665712140321528,0.2017581905347161,-0.16981033934794976,0.6461333333333333
wild,500,1.5,0.0,1.9,0.06915739511183876,0.0016940408576112402,0.12757370623312858,0.1587191065766334,0.2017980443763729,-0.18831498776188557,0.6558
wild,500,1.5,0.0,2.0,0.072130337322641,0.0017404417365438501,0.13002057099212425,0.16013802860750045,0.20121545422706466,-0.20740395740700124,0.6644
wild,500,1.5,0.0,2.1,0.07476329033326304,0.0017820306154209958,0.13191112267638247,0.1609856212845541,0.20010718361849153,-0.22620036507761465,0.6732666666666667
wild,500,1.5,0.0,2.2,0.0770695137748412,0.0018191551962212832,0.1332990138182858,0.16132531427474012,0.19862496830494286,-0.2460811089741572,0.6822666666666667
wild,500,1.5,0.0,2.3,0.0790644708217939,0.0018521445995928862,0.1342339490097296,0.1612115631931923,0.19681700297458782,-0.26610170790220466,0.6909333333333333
wild,500,1.5,0.0,2.4,0.08076496639741478,0.0018813074970326384,0.13476274315049744,0.16069957872115573,0.19470312420000035,-0.2860774587723916,0.6992666666666667
wild,500,1.5,0.0,2.5,0.08218852078602061,0.001906931208470247,0.13492848218422274,0.15983995594568765,0.19232582087935723,-0.30708338511266886,0.7063333333333334
wild,500,1.5,1.0,0.0,3.361343913958976e-08,2.4144998991199647e-08,1.7099995229873873e-06,1.539150114131924e-05,0.0002240819325218205,0.002930746234421234,0.49046666666666666
wild,500,1.5,1.0,0.1,3.127197721635987e-06,1.392907934850217e-06,6.059818274578296e-05,0.0002511855361789933,0.001350139631402942,0.0019363750893521177,0.49366666666666664
wild,500,1.5,1.0,0.2,0.0002977143387477991,7.725368168122087e-05,0.0013115267987523476,0.002799030167719531,0.008965522973229903,-0.0004460399105972784,0.5014
wild,500,1.5,1.0,0.3,0.001182160110973434,0.00018373247823502212,0.004575749571709517,0.009111085708194326,0.024612093566058316,-0.0043757000432657085,0.5102666666666666
wild,500,1.5,1.0,0.4,0.002837160171707085,0.00028971803607936373,0.010223573997447978,0.019229282830400957,0.045890090214717995,-0.00840710481057554,0.5192
wild,500,1.5,1.0,0.5,0.005381059650101552,0.0004056686756725171,0.0180994493886123,0.03223924280300075,0.06857303656526884,-0.015369412477975184,0.5284666666666666
wild,500,1.5,1.0,0.6,0.008783923016723691,0.000528352224021956,0.02758475285480224,0.046690287764370626,0.09025164643176445,-0.02171601454678868,0.5388
wild,500,1.5,1.0,0.7,0.01290469630644034,0.0006524410110938836,0.037993200456264684,0.061291636719272624,0.11008024072658314,-0.02914425806649924,0.5494
wild,500,1.5,1.0,0.8,0.017572079039392213,0.0007737202524160246,0.04869919767237704,0.07535584327420715,0.12739458192048705,-0.03740887458068726,0.5584
wild,500,1.5,1.0,0.9,0.02260997459121761,0.0008900683776915869,0.05921260277819791,0.08847177331410719,0.1419484523823057,-0.047144975029711406,0.5680666666666667
wild,500,1.5,1.0,1.0,0.027846757456448237,0.0010004867298115067,0.06924418109196663,0.10036053098900427,0.15433680854698276,-0.0579561241388156,0.5775333333333333
wild,500,1.5,1.0,1.1,0.03313763532407584,0.0011042385364517778,0.07861140790614371,0.1109250266299105,0.1647075253800344,-0.06939054420304477,0.5876
wild,500,1.5,1.0,1.2,0.038366158660743374,0.0012008571222359911,0.08718845199025459,0.12011673105320153,0.1730940648712221,-0.0818503169587742,0.597
wild,500,1.5,1.0,1.3,0.043440400496891705,0.0012901926619715647,0.09490352078260082,0.1279943506524169,0.1797938363646017,-0.09563591438296562,0.6062666666666666
wild,500,1.5,1.0,1.4,0.04829133902466204,0.0013723367210175378,0.10175569701406939,0.13470812657579123,0.185088378610827,-0.11088900238141283,0.6161333333333333
wild,500,1.5,1.0,1.5,0.05287131341424761,0.0014475374270091687,0.10776046933006882,0.14030016669392337,0.1890509880413516,-0.12699482634714152,0.6262
wild,500,1.5,1.0,1.6,0.05714345114536826,0.0015161427239678861,0.11293726326207622,0.14487986830675517,0.19193948651788756,-0.1426118361813375,0.6348
wild,500,1.5,1.0,1.7,0.06108591189582186,0.0015785230172662905,0.11734780022758984,0.1485827247686102,0.19390230291872873,-0.15928103718069175,0.6436
wild,500,1.5,1.0,1.8,0.06468887648958632,0.001635053586449089,0.12106093236877882,0.15151704714411163,0.1950708582194034,-0.1767925589654353,0.6530666666666667
wild,500,1.5,1.0,1.9,0.06795815537432535,0.0016861141910925867,0.124154852712863,0.15374722383722117,0.1954883615567398,-0.1944942954120657,0.661
wild,500,1.5,1.0,2.0,0.07089166507047362,0.00173212699905416,0.12663443320072224,0.15531958899738882,0.1952565254982698,-0.2132078259931763,0.6694
wild,500,1.5,1.0,2.1,0.0734943002813048,0.0017734182014255038,0.1285695250418462,0.15632568823984544,0.19449205368594383,-0.2322118773698334,0.6770666666666667
wild,500,1.5,1.0,2.2,0.07577925851352617,0.0018103120702518685,0.13001637939528932,0.15682893052484917,0.1933301265650795,-0.25202274715553896,0.6839333333333333
wild,500,1.5,1.0,2.3,0.07776168027572873,0.0018431277860590902,0.13102568086341052,0.15689515668637913,0.19184178133705415,-0.2714754935604169,0.6919333333333333
wild,500,1.5,1.0,2.4,0.07945818600847242,0.0018721655368757713,0.13164877174162246,0.15658455409047867,0.19001268804756466,-0.2918135986182366,0.6997333333333333
wild,500,1.5,1.0,2.5,0.08088606209269555,0.0018977057231605024,0.13192255707329095,0.15591262170832862,0.18788613494121065,-0.31276127033539397,0.7080666666666666
wild,1000,1.0,0.0,0.0,1.5351829399809197e-74,1.08549150028772e-74,3.806478034043631e-70,1.5483793878262938e-66,5.0279464271788615e-59,0.007555089122021595,0.4358
wild,1000,1.0,0.0,0.1,1.1110579043162746e-07,8.543312403689539e-08,3.990094372175617e-06,2.6958421883705086e-05,0.00024490215096818285,0.006761054757056075,0.4534
wild,1000,1.0,0.0,0.2,9.094618518479849e-05,3.250003328333225e-05,0.0004965968711545468,0.0009818741143931145,0.0028481696268699633,0.004995266470893841,0.4736666666666667
wild,1000,1.0,0.0,0.3,0.000506157559970122,0.00011976084477642422,0.0017682678030530718,0.0035081595370950896,0.009441322978218087,0.002168555908554793,0.49193333333333333
wild,1000,1.0,0.0,0.4,0.0012561417811857965,0.00020027468605463998,0.004393082617844304,0.008268211968349877,0.01954700203456831,-0.001709468352459753,0.5062
wild,1000,1.0,0.0,0.5,0.002508684939846052,0.0002808144211910065,0.008379093081203805,0.014774248301347211,0.03281673795553889,-0.0076651549892562225,0.5204666666666666
wild,1000,1.0,0.0,0.6,0.004311183328264275,0.0003715760057899452,0.013461124501049422,0.022877543542316775,0.047998620413338744,-0.014599015004868831,0.5334
wild,1000,1.0,0.0,0.7,0.006612916329838017,0.00046867951634351,0.019503612385122666,0.0323329945351962,0.06357770441949592,-0.022170158727591854,0.5464666666666667
wild,1000,1.0,0.0,0.8,0.009350760704151693,0.0005669278782805512,0.026378667157348653,0.042594356050957384,0.07844911462702968,-0.030510503268446607,0.5572666666666667
wild,1000,1.0,0.0,0.9,0.012458316076921922,0.0006633492772045522,0.03378608093333335,0.05291952147150941,0.09220355426374223,-0.04034715087169133,0.5682666666666667
wild,1000,1.0,0.0,1.0,0.015861555820576988,0.0007565762869587655,0.04139132388962333,0.06288627715911414,0.1049097866243245,-0.05204360765834089,0.5792666666666667
wild,1000,1.0,0.0,1.1,0.019478790374448895,0.0008460494788037745,0.048924517412441,0.07229515954918188,0.11626454250967319,-0.06414447442583521,0.5893333333333334
wild,1000,1.0,0.0,1.2,0.023226304826652458,0.0009314910934926395,0.05618985303581992,0.08101043623299746,0.12614816977805648,-0.0771106844011155,0.5979333333333333
wild,1000,1.0,0.0,1.3,0.027024367675828276,0.0010126897993034776,0.063057720832533,0.0889783757230905,0.13463028552029507,-0.09118662533852999,0.6075333333333334
wild,1000,1.0,0.0,1.4,0.030803459965245285,0.0010894477856600434,0.0694601315616623,0.09616616833824214,0.14175784187605342,-0.10565522157561635,0.6158666666666667
wild,1000,1.0,0.0,1.5,0.03450567405117542,0.0011616118481111968,0.07534386383639327,0.1025456812504204,0.14765502851367734,-0.12142991573747011,0.6246
wild,1000,1.0,0.0,1.6,0.03808265871936099,0.001229100378436707,0.08068574035573217,0.10814553611977035,0.1523610241095725,-0.13713679398686032,0.6332666666666666
wild,1000,1.0,0.0,1.7,0.04149732986083859,0.0012918870881484335,0.08548561080789806,0.11298528860643532,0.15601487550150125,-0.15448898125234223,0.6414666666666666
wild,1000,1.0,0.0,1.8,0.044723055442865325,0.0013500100213093428,0.08974952729632203,0.1170924022347233,0.15878114859218717,-0.17148247562985136,0.6500666666666667
wild,1000,1.0,0.0,1.9,0.0477414789211579,0.001403576339647284,0.09349006697578319,0.12051306842305477,0.16079207950065316,-0.18992249740234668,0.6602
wild,1000,1.0,0.0,2.0,0.05054084871876353,0.001452747946450059,0.0967273907938527,0.12330275886841255,0.16215352080623383,-0.20861808018348932,0.6681333333333334
wild,1000,1.0,0.0,2.1,0.053114792457642855,0.0014977215947165412,0.09948746961104955,0.12551859751741518,0.1629449904833013,-0.2276656336756732,0.6770666666666667
wild,1000,1.0,0.0,2.2,0.05546129300925077,0.0015387123769824863,0.10179976977383041,0.12721561500039805,0.16323130377016004,-0.2479222684887225,0.685
wild,1000,1.0,0.0,2.3,0.05758179891621433,0.0015759422486187973,0.10369537098438215,0.12844506597616673,0.16307261393462524,-0.2675237189816474,0.6943333333333334
wild,1000,1.0,0.0,2.4,0.05948046126212639,0.0016096325941038422,0.10520566543468764,0.12925419838086932,0.16252181892238926,-0.28810317466731894,0.7016
wild,1000,1.0,0.0,2.5,0.06116349251124851,0.0016399995796775636,0.10636153218998025,0.12968645751420377,0.16162587121524463,-0.3081257196311079,0.7089333333333333
wild,1000,1.0,1.0,0.0,1.0434574809930913e-75,5.403958120233206e-76,2.791156140787315e-71,1.2253130844653552e-67,4.821838641308785e-60,0.00012284832015408784,0.4996
wild,1000,1.0,1.0,0.1,8.7220174256803e-08,6.646596007318446e-08,3.41103450571094e-06,2.5331772865394623e-05,0.0002525989613221273,-0.00012131580737725792,0.5005333333333334
wild,1000,1.0,1.0,0.2,9.702467658372422e-05,3.228512153327633e-05,0.0005055509769514217,0.0009068891759102352,0.002350396191572989,-0.0031823762694469593,0.5088
wild,1000,1.0,1.0,0.3,0.0005058929162633423,0.00012168625675761868,0.001693957301159983,0.0032140267973870345,0.008192545300026569,-0.006562874366844005,0.5186
wild,1000,1.0,1.0,0.4,0.0012328235799623011,0.0002005162544661373,0.004134198737650111,0.007667754882211385,0.01803331051770494,-0.011129773351870181,0.5282
wild,1000,1.0,1.0,0.5,0.002429132564753155,0.000279645670889909,0.007995270859487506,0.014195520657730606,0.031061423851555494,-0.016974950173750225,0.5383333333333333
wild,1000,1.0,1.0,0.6,0.004175977169276314,0.0003674591177324923,0.013110515724339078,0.02237261298703556,0.046021543242425474,-0.02406631307133487,0.5460666666666667
wild,1000,1.0,1.0,0.7,0.006453224999596712,0.00046235277352406167,0.019219521628846332,0.031745547188108535,0.0611001957624442,-0.0317488363218834,0.5538
wild,1000,1.0,1.0,0.8,0.009189105785156243,0.0005600105248117864,0.026061229649329744,0.041735297746706965,0.07543715178228613,-0.03912231198258778,0.5644666666666667
wild,1000,1.0,1.0,0.9,0.012298180143178801,0.0006569568332156688,0.033344639003043665,0.05172932710525779,0.08883483883037593,-0.04761594927146431,0.5735333333333333
wild,1000,1.0,1.0,1.0,0.015692898588261454,0.0007511093846511437,0.04076404988928518,0.06138935007461188,0.10106749760387904,-0.05810384710052063,0.5831333333333333
wild,1000,1.0,1.0,1.1,0.019285172640315866,0.0008414616245811906,0.04809043920912317,0.07056391052944294,0.11200416485992967,-0.07101512763243426,0.5933333333333334
wild,1000,1.0,1.0,1.2,0.022994785528057223,0.0009275385382981464,0.05518774264848127,0.07913003152408118,0.12145853277118561,-0.0837767303143018,0.602
wild,1000,1.0,1.0,1.3,0.026745928111992785,0.001009088669422055,0.06190883272508053,0.08692405361276748,0.12956503687662496,-0.09864778220236728,0.6107333333333334
wild,1000,1.0,1.0,1.4,0.030471226988850828,0.0010859327508763214,0.0681752118308914,0.09392666343510954,0.13650192530344912,-0.11259795101003744,0.6202666666666666
wild,1000,1.0,1.0,1.5,0.03411650440029035,0.0011579612465258465,0.0739454988242963,0.1001419419189981,0.14225249760428885,-0.12882902288146836,0.6293333333333333
wild,1000,1.0,1.0,1.6,0.03763814775771268,0.0012251490005738197,0.07918848998391692,0.10556885653766887,0.14693890862574338,-0.14461359267115664,0.6392666666666666
wild,1000,1.0,1.0,1.7,0.0410016609848028,0.001287549436020942,0.08389298134088587,0.11024932934066682,0.15067694827317787,-0.16104109719588736,0.6476666666666666
wild,1000,1.0,1.0,1.8,0.044180973349804614,0.0013452761549371873,0.08806556930383967,0.1142345883438645,0.15360088258776586,-0.17862542312955318,0.6563333333333333
wild,1000,1.0,1.0,1.9,0.047157623540153494,0.0013984829877716535,0.09172462839246369,0.11757952624256333,0.1558062914137045,-0.1974101289710582,0.6647333333333333
wild,1000,1.0,1.0,2.0,0.04991977059998131,0.0014473501401855082,0.09489527778164332,0.12033620996772999,0.15736537776151752,-0.2160755191117904,0.6728666666666666
wild,1000,1.0,1.0,2.1,0.0524610768828971,0.001492075559168755,0.0976058013780566,0.12255331657682637,0.15834932946268415,-0.2355919635121858,0.6800666666666667
wild,1000,1.0,1.0,2.2,0.054779612884833614,0.0015328683766648434,0.09988571362762744,0.12427727384130481,0.1588285046491755,-0.2545553823728846,0.6868666666666666
wild,1000,1.0,1.0,2.3,0.05687688650023306,0.0015699431184852826,0.10176484966929025,0.12555355690022352,0.15888641450352958,-0.27408453928494797,0.6953333333333334
wild,1000,1.0,1.0,2.4,0.05875705658267849,0.0016035146104942486,0.10327368897881152,0.12643089786810927,0.158580820070893,-0.29397568702231297,0.7024
wild,1000,1.0,1.0,2.5,0.06042632661102416,0.0016337938128828135,0.10444269930424313,0.12695061714064362,0.1579175081121229,-0.31456797875553044,0.7106
wild,1000,1.5,0.0,0.0,2.8127939106158538e-09,2.2113257161728657e-09,2.0445514544004845e-07,2.548723472281753e-06,6.44235775113029e-05,0.009892217678071087,0.44406666666666667
wild,1000,1.5,0.0,0.1,1.830682413467045e-07,1.2369908405999618e-07,6.130988073874118e-06,3.9399381812451434e-05,0.0003640110747049848,0.009154721933514074,0.45293333333333335
wild,1000,1.5,0.0,0.2,9.212005874982821e-05,3.3820623423166e-05,0.0004908341397190383,0.0009756478651932997,0.003121055849507743,0.007256356734642779,0.46846666666666664
wild,1000,1.5,0.0,0.3,0.0005018343658875135,0.00011838021593885236,0.001827938972042852,0.0036990708021257747,0.010200508602863608,0.004251114886810636,0.4852666666666667
wild,1000,1.5,0.0,0.4,0.00128206898193777,0.00019979941503680935,0.0045544095207171445,0.008556126829141029,0.02045113091736133,0.0003697361560306974,0.4988666666666667
wild,1000,1.5,0.0,0.5,0.0025680474642512845,0.00028300048638307053,0.008551624614424462,0.015058693971641054,0.03402509696883205,-0.0049649099694789416,0.5135333333333333
wild,1000,1.5,0.0,0.6,0.004383493026321131,0.0003752389113547217,0.013616434741840728,0.023240841375913455,0.049236128425041645,-0.011093688564613508,0.5256
wild,1000,1.5,0.0,0.7,0.006683837534447882,0.00047236891188878326,0.019683744245705813,0.03274525063517465,0.06502370796956634,-0.01920234946434263,0.5370666666666667
wild,1000,1.5,0.0,0.8,0.009415148230771676,0.0005699263452835664,0.026555406186791183,0.04296471617803404,0.0802019948536742,-0.028666163161176976,0.5502666666666667
wild,1000,1.5,0.0,0.9,0.012514491116371072,0.0006655803298902223,0.03394746767915033,0.053332478638447235,0.09417381109163392,-0.0388048307633556,0.5617333333333333
wild,1000,1.5,0.0,1.0,0.015909946058124062,0.0007581844847832499,0.0415614580854704,0.06343270136851165,0.10672073152450622,-0.04964292496438909,0.5736
wild,1000,1.5,0.0,1.1,0.01952191803606605,0.0008471932189509801,0.04912464806212838,0.07296802834144875,0.1178057155937857,-0.0613495927823248,0.583
wild,1000,1.5,0.0,1.2,0.02326634965027904,0.0009323252686850154,0.05642919095467978,0.08177054174893829,0.12749165740589222,-0.07364367131499044,0.5936666666666667
wild,1000,1.5,0.0,1.3,0.0270625068898125,0.001013327243718175,0.06334340974453809,0.08979393624250868,0.1358092915938143,-0.0873784646628176,0.6025333333333334
wild,1000,1.5,0.0,1.4,0.030842380757895384,0.001089936343049687,0.0698129450716606,0.09703940740411576,0.14282021977493867,-0.10329024466990505,0.6125333333333334
wild,1000,1.5,0.0,1.5,0.034550544929985626,0.0011619693770942802,0.07576420694532761,0.10341807025011811,0.14860471777419956,-0.11861385991451343,0.6215333333333334
wild,1000,1.5,0.0,1.6,0.0381357984656844,0.0012293445497087426,0.08115638753545307,0.10898362911425626,0.15322499138836093,-0.1352287361108,0.6287333333333334
wild,1000,1.5,0.0,1.7,0.04156025130583884,0.0012920309602999403,0.08599206607351173,0.11376992230523914,0.15681463724993167,-0.1525645952901581,0.6381333333333333
wild,1000,1.5,0.0,1.8,0.04479682124360922,0.0013500694463843734,0.09027756918422301,0.1178115601375346,0.15953356973143534,-0.16981033934794976,0.6461333333333333
wild,1000,1.5,0.0,1.9,0.04782649193307112,0.001403572098226883,0.09402634834999289,0.12116173698714229,0.1615213330733592,-0.18831498776188557,0.6558
wild,1000,1.5,0.0,2.0,0.050636817999396254,0.001452703283134836,0.09726084520823927,0.12388327077383975,0.16287340377793608,-0.20740395740700124,0.6644
wild,1000,1.5,0.0,2.1,0.05322087066280748,0.001497658686348949,0.10001033958429809,0.1260389958833273,0.16364952649968922,-0.22620036507761465,0.6732666666666667
wild,1000,1.5,0.0,2.2,0.05557628504694594,0.0015386496355644511,0.10230769021192251,0.12768593584590235,0.1639036297079637,-0.2460811089741572,0.6822666666666667
wild,1000,1.5,0.0,2.3,0.057704354373728915,0.0015758929734215354,0.1041866588570431,0.12887453821898273,0.1636966182315374,-0.26610170790220466,0.6909333333333333
wild,1000,1.5,0.0,2.4,0.05960920895514531,0.0016096047789683566,0.10568040766359767,0.1296502912993616,0.16308841844538757,-0.2860774587723916,0.6992666666666667
wild,1000,1.5,0.0,2.5,0.06129711606992727,0.0016399964525275988,0.10682086133815627,0.13005505958233093,0.1621308282717715,-0.30708338511266886,0.7063333333333334
wild,1000,1.5,1.0,0.0,8.745261526589988e-12,7.913531256744987e-12,1.4379497440959257e-09,3.951589481754442e-08,5.506421801084102e-06,0.002930746234421234,0.49046666666666666
wild,1000,1.5,1.0,0.1,2.9110726897605685e-08,1.6988044260099195e-08,1.5624582476626662e-06,1.4809554504119423e-05,0.00021493589390012382,0.0019363750893521177,0.49366666666666664
wild,1000,1.5,1.0,0.2,8.960463569571378e-05,3.0240556679090183e-05,0.0005024201427786035,0.0009657573359128791,0.00262617286175059,-0.0004460399105972784,0.5014
wild,1000,1.5,1.0,0.3,0.0005077280982801614,0.00011955967334954719,0.0017784732679909983,0.0034457111908863694,0.008869541192046913,-0.0043757000432657085,0.5102666666666666
wild,1000,1.5,1.0,0.4,0.0012670136477447443,0.0002008183779249055,0.004327198071689733,0.008007877176649641,0.0190184813974146,-0.00840710481057554,0.5192
wild,1000,1.5,1.0,0.5,0.0024972973522119375,0.00028228268281465553,0.008219078501870028,0.014599536933060726,0.032250210504869606,-0.015369412477975184,0.5284666666666666
wild,1000,1.5,1.0,0.6,0.004264219236925305,0.0003713781137552753,0.013359118787689346,0.022836570538331703,0.04721960316634293,-0.02171601454678868,0.5388
wild,1000,1.5,1.0,0.7,0.006551294601846634,0.00046642745368289946,0.019472367501342663,0.032234324516064235,0.062300700294172284,-0.02914425806649924,0.5494
wild,1000,1.5,1.0,0.8,0.009287824753718402,0.0005637795476549917,0.026319389021533426,0.042288833478006216,0.07663076135939066,-0.03740887458068726,0.5584
wild,1000,1.5,1.0,0.9,0.012393744483796548,0.0006602346254298335,0.0336435115073384,0.052333257342984024,0.09016095847843286,-0.047144975029711406,0.5680666666666667
wild,1000,1.5,1.0,1.0,0.01578904637507557,0.0007537911882382265,0.04110623048067315,0.06199165842391937,0.10251574777438474,-0.0579561241388156,0.5775333333333333
wild,1000,1.5,1.0,1.1,0.019387024712903524,0.0008436073735079223,0.048451680687704994,0.07115262063219094,0.11335605503321268,-0.06939054420304477,0.5876
wild,1000,1.5,1.0,1.2,0.023101387492926905,0.000929325811891276,0.05552748955822799,0.07970315681236169,0.12268420730140014,-0.0818503169587742,0.597
wild,1000,1.5,1.0,1.3,0.026854360373304423,0.0010106739659985612,0.06223403201049198,0.08752909836698453,0.1306089354212638,-0.09563591438296562,0.6062666666666666
wild,1000,1.5,1.0,1.4,0.030579791254516507,0.0010874135150577555,0.06849892748838701,0.09456020074587913,0.13734053469412738,-0.11088900238141283,0.6161333333333333
wild,1000,1.5,1.0,1.5,0.03422374945642987,0.0011593792787575887,0.07427774104674484,0.10079150143215,0.14293670725131943,-0.12699482634714152,0.6262
wild,1000,1.5,1.0,1.6,0.037743406711655075,0.0012265052949231177,0.07953661431023364,0.10621342892022431,0.14750350147021732,-0.1426118361813375,0.6348
wild,1000,1.5,1.0,1.7,0.04110502063782019,0.0012888252926731817,0.08425858199575241,0.110867449616166,0.15118076860807994,-0.15928103718069175,0.6436
wild,1000,1.5,1.0,1.8,0.04428298079965483,0.0013464503737306963,0.08844664625774273,0.11481503463356225,0.1540879334961512,-0.1767925589654353,0.6530666666666667
wild,1000,1.5,1.0,1.9,0.04726018388187267,0.001399538808676814,0.09213268109298091,0.11815164428589825,0.15627320318563404,-0.1944942954120657,0.661
wild,1000,1.5,1.0,2.0,0.050026587025308905,0.0014482839858266342,0.09533017555972458,0.12087140993910239,0.1577888917689643,-0.2132078259931763,0.6694
wild,1000,1.5,1.0,2.1,0.052573448918930475,0.0014929042190012965,0.0980538157447619,0.12303773941509082,0.15873811035021376,-0.2322118773698334,0.6770666666666667
wild,1000,1.5,1.0,2.2,0.05489766566656221,0.0015336131743319873,0.10033777039777232,0.12471152253660892,0.15917523191649538,-0.25202274715553896,0.6839333333333333
wild,1000,1.5,1.0,2.3,0.05700028233541517,0.0015706239459905382,0.10221545305776379,0.12594250623866035,0.1591643634837166,-0.2714754935604169,0.6919333333333333
wild,1000,1.5,1.0,2.4,0.05888515528193973,0.0016041480010372156,0.10371910264518953,0.12677757893867225,0.15878566946033554,-0.2918135986182366,0.6997333333333333
wild,1000,1.5,1.0,2.5,0.06055825892959356,0.0016343923406680792,0.1048806788308752,0.12726209320157048,0.1580484373874901,-0.31276127033539397,0.7080666666666666
